a,"n.(A)As 或 A's  安(ampere);(a) art.一;n.字母A /[军] Analog.Digital,模拟/数字 /(=account of) 帐上"
abate,"vt.使(数量、程度等)减少,减轻,除去,缓和,打折扣vi.(数量、程度等)减少,减轻,失效,缓和,(法令等)被废除"
abide,"vi.坚持,遵守;vt.忍受,容忍"
abort,"vi.异常中断,中途失败,夭折,流产,发育不全n.中止计划[任务]"
abound,"vi.多,大量存在,富于,充满"
abscise,"vt.切除vi.被切除,脱离"
abscond,"vi.潜逃,避债"
absquatulate,"vi.逃走,溜脱,开小差"
accept,"vt.接受,认可,承担,承兑vi.同意,承认"
accessorize,"vt.装饰,补充vi.穿戴装饰品"
acclimate,"vt.使适应新环境,使服水土vi.服水土,适应"
accommodate,"vt.供应,供给,使适应,调节,和解,向...提供,容纳,调和;vi.适应"
accord,"n.一致,符合,调和,协定;vt.一致,给与;vi.符合"
account,"n.计算,帐目,说明,估计,理由;vi.说明,总计有,认为,得分;vt.认为"
accrete,"vi.共生,合生,附着;vt.使依附,使连接;adj.共生的"
accrue,"vi.自然增加,产生"
acculturate,vi.适应文化;vt.使适应文化
ache,"n.疼痛vi.觉得疼痛,渴望"
acidify,"vt.使酸化,使成酸;vi.变酸"
acquiesce,"vi.默许,勉强同意"
act,"n.幕,法案,法令,动作,举动,节目,(戏剧的)幕vi.行动,产生...的效果,担当,表演,假装,表现,见效vt.扮演,装作"
add,"vt.增加,添加,计算...总和,补充说,又说;vi.加,加起来,增添,做加法"
adhere,"vi.粘附,胶着,坚持v.坚持"
adjourn,"vi.延期,休会,换另一 个地方vt.使中止,推迟"
admix,vt.使混合vi.混合
adolesce,"vi.<主美>进入青春期,如青春期少年般行事"
adsorb,vt.吸附vi.被吸附
advert,"vi.注意,留意n.广告"
advertize,"vt.做广告,通知vi.做广告"
aestivate,"vi.过夏季,[动]夏眠"
agglomerate,"n.大团,大块adj.成块的,凝聚的vt.使成团,使成块,使凝聚vi.成团,成块,凝聚"
agglutinate,"adj.粘着的,胶合的vt.使...粘着vi.成胶状,粘合"
agonize,"vt.使极度痛苦,折磨vi.感到极度痛苦"
agree,"vi.同意,赞成...的意见,与...一致,承认,适合vt.同意"
airdash,"vi.乘飞机急赶,快速飞行,匆匆乘飞机前往(源于并主要用于印度)"
alight,"vi.落下adj.点着的,发亮的"
align,"vi.排列vt.使结盟,使成一行"
alkalify,vt.[化]使成碱性vi.碱化
allude,"vi.暗指,影射,间接提到"
altercate,"vi.争论,口角"
amble,"vi.缓行,溜蹄"
amount,"n.数量vi.(to) 总计,等于"
analogize,vt.以类推来说明vi.类推
anastomose,v.[医](使)吻合vi.(河流等)汇合
angle,"n.[数]角,角落vi.钓鱼,追逐"
anguish,"n.痛苦,苦恼vt.使极苦闷,使极痛苦vi.感到痛苦"
animadvert,"vi.批判,非难"
ankylose,"vt.胶住,胶着,使僵硬,使骨愈合vi.僵硬,长合"
antiquarianize,vi.沉迷于收集古物
apologise,vi.<英>=apologize
apologize,"vi.道歉,辩白"
apostatize,"vi.放弃信仰,变节,脱党"
apotheosize,"vi.神化,封为神"
appeal,"n.请求,呼吁,上诉,吸引力,要求;vi.求助,诉请,要求;vt.控诉"
appear,"vi.出现,看来,似乎,公开露面,出版,发表"
apply,"vt.申请,应用vi.申请,适用"
appreciate,"vt.赏识,鉴赏,感激vi.增值,涨价"
approach,"n.接近,逼近,走进,方法,步骤,途径,通路vt.接近,动手处理vi.靠近"
approve,"vi.赞成,满意vt.批准,通过v.批准"
aquaplane,n.滑木板vi.骑滑水板游戏
archaeologize,"vi.从事考古,研究考古学"
archaize,"vt.使具古风vi.用古体,仿古"
argue,"vi.争论,辩论vt.说服"
arise,"vi.出现,发生,起因于"
arm,"n.臂,臂状物,衣袖,海湾,武器vt.供给,提供,武装,装备vi.武装起来"
arouse,"vt.唤醒,唤起,鼓励,引起vi.睡醒"
aroynt,vi.去!走开!
arrive,"vi.到达,抵达"
ask,"vi.询问,问,要求vt.问,要求,需要,邀请"
asphyxiate,vi.窒息vt.使窒息
aspire,"vi.热望,立志"
assemble,"vt.集合,聚集,装配vi.集合"
assent,n.赞成vi.同意
associate,"vt.使发生联系,使联合vi.交往,结交n.合作人,同事adj.副的"
attack,"n.进攻,攻击,(用语言)抨击,批评,疾病发作,侵袭vt.攻击,抨击,动手处理(某事)vi.攻击"
attend,"vt.出席,参加,照顾,护理,注意vi.专心,留意"
attitudinize,vi.装腔作势
attract,"vt.吸引vi.有吸引力,引起注意"
audit,"n.审计,稽核,查帐vt.稽核,旁听vi.查账"
autorotate,vi.[空]自转(旋翼机式或直升机的旋翼不借机动力自转)
autoshape,vi.[心]自我形成(在行为心理学中指不经正常条件反射模式而对刺激发生反应)
avail,"vi.有益于,有帮助,有用,有利vt.有利于n.效用,利益"
average,"n.平均,平均水平,平均数,海损adj.一般的,通常的,平均的vt.平均为,均分,使平衡,达到平均水平vi.买进,卖出"
aviate,vi.飞行
awake,"vi.醒,觉醒,领会,觉悟vt.唤醒adj.警觉的,醒的"
baa,n.羊叫声vi.羊叫
bach,"n.bachelor 之略语vi.过独身生活,乡村小屋,海滨小屋"
backen,vi.(风)逆时针方向转变 vt.<方>阻碍...的发展
backpedal,"vi.倒踏脚踏板,变卦,后退"
backspace,vi.退后一格n.退格
backstroke,"n.vi.反手拍球,仰泳vt.用反手击"
backtrack,"vi.(由原路)返回,退走,撤退,放弃"
baff,vi.以球杆打球下部使之高飞n.高飞球的一击
bait,"n.饵,诱惑物vt.以饵引诱(动物),把饵装上,欺负,折磨vi.中途休息"
ballot,"n.选举票,投票,票数vi.投票"
bant,vi.节食减肥法
barge,"n.驳船,游艇vt.用船运输vi.蹒跚,闯入"
barhop,vi.从这家酒店喝到那家
bartend,vi.<美口>(尤指从业)当酒吧侍者 在酒吧掌柜
bask,"vi.晒太阳(享受温暖),感到温暖,愉快或舒适"
basset,"n.一种矮脚的猎犬,露出vi.呈现,露出"
battle,"n.战役(指大规模会战),战争vi.作战,战斗,搏斗,斗争"
bay,"n.海湾,狗吠声,绝路vt.吠,使走投无路vi.吠"
become,"vi.变成,成为,变得vt.适合,相称"
bed,"n.床,基础,路基,河底,海底,一堆,一层vt.安置,嵌入,使睡,栽种vi.上床,分层  教育学士 BEd(Bachelor of Education)"
beetle,"n.甲虫vi.悬垂,突出"
begone,vi.(只用动词不定式)走开int.走开!滚蛋!
behave,"vi.举动,举止,运转v.行为表现"
behold,vt.把...视为vi.看
behove,"vt.<英>(=behoove)理应,应该vi.理所当然"
belly,"n.腹部,胃vi.涨满"
bellyache,n.腹痛vi.无故抱怨
belong,"vi.属于,住"
benefit,"n.利益,好处vt.有益于,有助于vi.受益"
betide,"vt.发生于,预示vi.发生"
bevel,"n.斜角,斜角规,倾斜,斜面vi.成斜角vt.使成斜角"
bicker,"vi.斗嘴,流动,闪动n.口角,流水声"
biographize,vt.为...写传记 vi.写传记
biomagnify,vi.[生](有毒化学物质)产生生物放大作用
bird,"n.鸟,<俚>人vi.在野外观察或鉴别鸟类"
bivouac,"n.露营,野营,露营地vi.露宿"
blat,"vi.. (小牛或小羊)叫,喋喋不休vt.不加思索说出"
blather,"vi.喋喋不休地说,说废话n.废话,胡说"
blaze,"n.火焰,光辉,情感爆发vi.燃烧,照耀,激发vt.在树皮上刻路标,公开宣布"
bleep,n.哔哔声vi.发出哔哔声
blench,"vi.畏缩,回避"
blet,"n.(果实过热或外表看不出来的)腐烂vi.腐烂,疲倦"
blether,n.vi.胡说
bloat,"vt.使膨胀,腌制vi.膨胀,肿起,得意n.肿胀病人"
blossom,"n.花(尤指结果实者),花开的状态,兴旺期vi.开花,兴旺,发展"
blub,vi.哭vt.哭着说出 n.一阵哭泣
bodysurf,vi.人体冲浪(指不用冲浪板而以胸腹冲浪)
bog,n.沼泽 pl.<英俚>厕所vt.使陷于泥沼vi.陷于泥沼
bombinate,vi.发嗡嗡声
boondoggle,"vi.<美俚>做细小而无用的事n.细小而无用的事,手工品"
booze,"vi.<俗>豪饮n.酒,酒宴"
bother,"vt.烦扰,打扰vi.烦恼,操心n.麻烦,烦扰v.打扰"
bottom,"n.底,底部,尽头,末端adj.底部的vt.装底,查明真相,测量深浅vi.到达底部,建立基础"
bowhunt,vi.&vt.用弓箭狩猎
brabble,"n.争吵,争论vi.争论"
brawl,"n.vi.争吵,怒骂"
breakfast,n.早餐vi.进早餐
breeze,"n.微风,煤屑,焦炭渣,轻而易举的事,小风波vi.吹微风,逃走"
brim,"n.(杯,碗等)边,边缘,(河)边vt.注满,使满溢vi.满溢"
bring,"vt.拿来,带来,产生,引起,提出(诉讼)vi.停下"
brisk,"adj.敏锐的,凛冽的,轻快的,活泼的vt.使活泼vi.活跃起来"
bristle,"n.刚毛,猪鬃vi.(毛发等)竖起,发怒"
brownnose,<俚>vi.拍马屁;vt.拍...的马屁
brutalize,vi.使...变得残酷无情
bubble,"n.泡沫,幻想的计划vi.起泡,潺潺的流"
buccaneer,n.海盗vi.做海盗
bud,"n.芽,蓓蕾vi.发芽,萌芽"
budget,"n.预算vi.做预算,编入预算"
bum,"n.游荡者,游民,闹饮adj.无价值的vi.过游民生活,免费得到,流浪vt.乞讨"
burble,"vi.(流水)发汩汩声,(婴孩般)咿呀学语,嘟囔,窃笑n.空谈,漩涡"
buttle,vi.<谑>做男管家(或男仆)
cab,"一种压缩文件格式;n.出租马车,出租汽车,计程车,(机车,卡车,起重机的)司机室,驾驶室vi.乘出租马车"
cabal,"n.(政治)阴谋小集团,(尤指政治上的)阴谋vi.策划阴谋"
cachinnate,"vi.大声笑,哄笑"
cackle,"n.咯咯声,高声笑,饶舌,闲谈vi.咯咯叫,咯咯笑,喋喋不休"
caddie,n.球童vi.当球童
cakewalk,"n.步态竞赛(旧时美国南部地区黑人的一种娱乐,因对步法及姿势优美者奖以蛋糕而得名),一种步态舞vi.举行步态竞赛"
calcify,"vi.变成石灰质,钙化vt.使成石灰,使钙化"
camp,"n.露营地,阵营vi.露营,扎营"
campaign,"n.[军]战役,(政治或商业性)活动,竞选运动vi.参加活动,从事活动,作战"
canker,"n.[医]溃疡,[植](树的)癌肿病,腐败vi.患溃疡,腐蚀,溃烂vt.使患溃疡,使腐蚀"
cannibalize,"vt.吃同类的肉,拆用...的配件,调拨...的人员vi.吃人肉,拆用配件,调拨人员"
canoodle,"vi.爱抚,抚爱,吻,搂颈亲热vt.爱抚而说服"
cant,"n.伪善之言,黑话,隐语,斜面,角落vi.讲黑话,倾斜"
canvass,"n.细查,讨论,劝诱vt.彻底检查,细究,向...拉票或拉生意,讨论vi.游说,拉选票"
caper,n.跳跃vi.雀跃
capitulate,"vi.有条件投降,认输,屈服,让步,停止抵抗"
capot,n.全胜vi.独赢
capriole,"n.跳跃,跃起vi.跳跃,跃起"
care,"n.注意,照料,烦恼,忧虑,由...转交vi.关心,顾虑,照顾,喜爱vt.在意"
carnify,"vt.使成肉质,(使)长肉vi.变成肉质"
carom,"n.[台球]连撞两球,连击,<美>碰击弹回vi.一击连撞二球,碰击而反跳"
carp,n.鲤鱼vi.吹毛求疵
carry,"n.进位,射程,运载vt.携带,运送,支持,支撑,传送,意味vi.被携带,能达到"
cascade,"n.小瀑布,喷流vi.成瀑布落下n.层叠"
catch,"n.捕捉,捕获物,(窗)钩v.捕获,赶上(车船等),发觉,感染(疾病)vi.抓住,燃着"
cater,"vi.备办食物,满足(需要),投合"
caterwaul,"n.猫叫春声,刺耳的尖叫声vi.叫春,发尖叫声,(象猫一样地)吵架"
catnap,"n.小睡,小憩vi.打瞌睡,假寐"
caucus,"n.(政党的)领导人秘密会议,核心小组会议vi.举行或参加政党领导层秘密的预备会议"
cave,"n.洞穴,窑洞vi.凹陷,投降vt.挖洞,使凹陷"
cavil,"vi.挑剔,找错"
cavort,vi.腾跃
cement,"n.水泥,接合剂vt.接合,用水泥涂,巩固vi.粘牢"
center,"n.中心,中央,中心点,中锋adj.中央的,位于正中的vt.集中,使聚集在一点,定中心,居中vi.居中,有中心,被置于中心"
centralize,"vt.集聚,集中,施行中央集权vi.集中于中央(或中心)"
cerebrate,"vi.用脑筋,思考"
ceremonialize,"vt.使典礼化,使仪式化vi.举行典礼,举行仪式"
chare,"n.杂务女佣vi.打杂,做零工"
charm,"n.吸引力,(女人的)魔力,魅力,符咒vt.迷人,使陶醉,行魔法vi.用符咒,有魔力"
chatter,"n.(动物,尤其是鸟类)唠叨,啁啾声,(小溪的)潺潺流水声vi.喋喋不休的谈,卡搭作响"
check,"n.阻止,制止,控制,阻止物,支票,检讫的记号,饭馆的帐单vt.检查,制止,核对,寄存,托运vi.证明无误,核对无误,逐项相符,[象棋]将军"
checkrow,n.农作物列vi.栽植成行列
chime,"n.一套发谐音的钟(尤指教堂内的),和谐vi.鸣,打,和谐vt.敲出和谐的声音,打钟报时"
chipper,"adj.爽朗的,活泼的,爽快的n.切东西的人或工具 vt.使高兴起来vi.高兴起来,吱吱叫,喋喋而言"
chirkle,vi.<英俚>喧闹地干活(away)
chirr,vi.唧唧叫n.唧唧叫声
chirrup,n.吱喳声vi.吱喳地叫
chomp,"vi.切齿,格格地咬牙,咬响牙齿"
chortle,vi.咯咯笑n.得意的高笑
christy,n.&vi.=Christie
chuckle,"n.吃吃的笑声vi.吃吃的笑,咯咯叫"
chum,"n.<俗>(特指男孩子之间)密友,室友vi.结为密友(与up连用)"
chunder,vi.&n.<澳俚>呕吐(亦作chunda)
churr,(=chirr)vi.颤鸣;n.颤鸣声
chutter,"vi.发噼啪声,发轧轧声"
circumnutate,"vi.[植物]曲卷,曲绕"
circumvolve,vi.旋转
clamber,"vi.爬上,攀登"
clapperclaw,"vi.抓殴,痛骂"
clatter,"n.咔嗒,哗啦声,嘈杂的谈笑声vi.发出哗啦声,喧闹的谈笑vt.使卡搭卡搭的响"
claver,"n.vi.闲谈,闲话"
cleave,"v.劈,劈开,裂开vi.粘着,忠于,坚持"
clench,"n.牢牢抓住,钉紧,敲弯的钉头v.紧握,(拳头)牢牢地抓住,确定,敲弯vi.握紧,钉牢"
cling,"vi.粘紧,附着,紧贴,坚持(意见),墨守(习惯)"
clique,"n.私党,小圈子,派系,阀vi.结党"
clomp,vi.重踏着走
cloop,n.砰声vi.发砰声
clop,n.马蹄声vi.发得得声
cloud,"n.云,烟云,(pl.)天空,污点vt.以云遮敝,玷污,使黯然vi.乌云密布,阴沉"
cloy,"vt.过饱,使厌腻vi.吃饱"
cluster,"n.串,丛;vi.丛生,成群"
coact,vi.共同合作
coadventure,n.二个或二个以上人参加的冒险vi.共同冒险
cock,"n.公鸡,雄鸟,头目,(水)龙头,<俚>阴茎vt.使耸立,使竖起,堆成锥形vi.大摇大摆地走,翘起"
cockle,"n.[动]海扇类,海扇壳,小舟,[植]麦仙翁vi.弄皱,折皱,起皱vt.使皱"
coevolve,vi.[生](两种或多种生物)共同进化
coexist,vi.共存
cohabit,vi.(男女)同居(尤指未婚而同居者)
cohere,"vi.粘着,凝结,紧凑"
coincide,"vi.一致,符合"
collaborate,"vi.合作,通敌"
collapse,"n.倒塌,崩溃,失败,虚脱vi.倒塌,崩溃,瓦解,失败,病倒"
collide,"vi.碰撞,抵触"
collogue,"vi.畅谈,密议,密谈"
collude,"vi.串通,勾结,共谋"
color,"n.<美>(=colour)颜色,色彩,脸色,风格,外貌vt.给...涂颜色,改变...的颜色,粉饰,脸红,歪曲vi.获得颜色,变色"
colour,"n.<英>(=color)颜色,气色,风格,外貌vt.把...涂颜色,粉饰,脸红,歪曲vi.变色"
colourbreed,vi.培育...使具有特定毛色
comb,"n.梳子,梳,鸡冠,蜂巢vi.梳(发),搜索"
come,"vi.来,来临,到达,出现,来(自),出生(于),开始int.嗨! vbl.来,到达,合计为"
comment,"n.注释,评论,意见vi.注释,评论"
commentate,"vt.评论,解说vi.评论时事"
commune,"n.公社vi.密切联系,谈心"
commutate,"vi.使方向转换,整流"
compete,"vi.比赛,竞争"
comply,"vi.顺从,答应,遵守"
concede,"vt.勉强,承认,退让vi.让步"
conceive,"vt.构思,以为,持有vi.怀孕,考虑,设想"
condescend,"vi.谦逊,屈尊"
confederate,"n.同盟者,同盟国adj.同盟的,联合的vt.vi.(使)联盟,(使)联合,同伙,帮凶"
configure,"vi.配置,设定vt.使成形,使具一定形式"
conflagrate,"vi.燃烧,着火 vt.烧掉 使燃烧起来"
conflict,"n.斗争,冲突vi.抵触,冲突"
conform,"vt.使一致,使遵守,使顺从vi.符合,相似,适应环境adj.一致的,顺从的"
conga,"n.(起源于拉丁美洲的)康茄舞,其曲子vi.跳康茄舞"
congee,"vi.告别,鞠躬n.粥"
conjure,"v.(以咒文)召唤,变戏法,想象vi.变戏法,施魔法vt.祈求,恳求"
conk,"n.鼻,头,<美>真菌生长,(发型)直发式,波浪式vi.突然失灵,发生故障,极度疲劳,昏迷vt.敲...的头"
connive,"vi.默许,纵容,暗中合作,密谋策划"
consent,"vi.同意,赞成,答应n.同意,赞成,允诺"
consist,"vi.由...组成,在于,一致"
consort,"vi.配偶(指夫或妻),(尤指)君王或女王的配偶,同航线的船vi.陪伴,结交,符合vt.使配对"
constellate,"vi.形成星座,定名为星座,遍布闪耀vt.使形成星座,使心群集"
consubstantiate,"kRnsEb5stAnFeIt/vt.使成同体 (E)n/n.圣体共在论/vi.成为同体,信奉圣体共在论"
consume,"vt.消耗,消费,消灭,大吃大喝,吸引vi.消灭,毁灭"
contain,"vt.包含,容纳,容忍vi.自制v.[军]牵制(敌军)v.[数]可被...除尽"
contrast,"vt.使与...对比,使与...对照vi.和...形成对照n.对比,对照,(对照中的)差异"
controvert,"vt.议论,辩论vi.参加辩论"
convalesce,"vi.渐渐康复,渐愈"
converse,"n.相反的事物,倒,逆行adj.相反的,颠倒的vi.谈话,交谈,认识"
cooperate,"vi.合作,协作"
cope,"vi.(善于)应付,(善于)处理"
copulate,"vi.性交,交配,交尾adj.连接的,配合的"
corkscrew,"n.开塞钻,螺丝锥adj.拔钻形的,螺旋形的vt.硬拉出,探听vi.作螺旋状前进"
corner,"n.角落,(街道)拐角处,(遥远的)地区,偏僻处,困境,绝路vt.迫至一隅,垄断,使陷入绝境,把...难住vi.相交成角,囤积(in)"
corotate,"vi.(与另一旋转体)同步旋转,作同速旋转"
correlate,vt.使相互关联vi.和...相关
correspond,"vi.符合,协调,通信,相当,相应"
corrupt,"adj.腐败的,贪污的,被破坏的,混浊的,(语法)误用的vt.使腐烂,腐蚀,使恶化vi.腐烂,堕落"
coruscate,"vi.闪烁,焕发"
cose,"vi.n.聊天,谈心"
cost,"n.成本,价钱,代价vt.价值为,(使)花费(金钱,时间,劳力等),使失去(生命,健康等),令人付出vi.花费"
costar,"n.合演者,合演的明星vi.合演"
costean,"<英>vi.井探,掘井勘探"
counterprogram,<美> vi.作对抗性节目安排 \nvt.作竞争性节目安排以与(其他电视台的节目)争夺观众
countervail,"vt.补偿,抵销vi.抵销"
couple,"n.(一)对,(一)双,夫妇vt.连合,连接,结合vi.结合,结婚"
court,"n.法院,庭院,朝廷,宫庭,球场,奉承,求爱,殷勤vt.向...献殷勤,追求,设法获得(他人的支持等),博得(喝彩),招致(失败、危险等)vi.求爱"
covary,vi.[数]共变
cover,"n.盖子,封面,藉口vt.覆盖,铺,掩饰,保护,掩护,包括,包含,适用vi.覆盖,涂,代替"
cower,"vi.畏缩,退缩"
cowk,"vi.<苏格兰>干呕,作呕,恶心"
coze,"vi.亲热地闲谈,聊天n.亲热的闲谈"
crab,"n.螃蟹,类似螃蟹的动物,脾气乖戾的人,吹毛求疵vi.捕蟹,偏航,发牢骚vt.使偏航,发脾气,破坏"
crackle,"n.劈啪响,裂纹vi.(使)发劈啪声"
crake,"n.秧鸡,秧鸡的叫声vi.秧鸡般叫"
crank,"adj.脾气暴燥的,易怒的n.[机]曲柄,奇想vt.[机]装曲柄vi.[机]转动曲柄"
crankle,"vi.弯扭,扭去弯来,七弯八曲n.弯曲,弯拐"
crap,"n.废物,赌输的一注,废话vi.掷骰子"
crawl,"vi.爬行,蠕动,徐徐行进n.爬行,蠕动,缓慢的行进"
creep,"vi.爬,蹑手蹑脚,蔓延"
crepitate,vi.劈劈拍拍响
crest,"n.鸟冠,盔上的装饰(如羽毛),顶部,顶峰,浪头vi.到达绝顶vt.加以顶饰"
crib,"n.婴儿床,食槽,栅栏vi.抄袭vt.拘禁,关入栅栏"
cringe,"vi.畏缩,阿谀,奉承"
crispen,"vt.使脆,使鲜脆vi.变脆 变得鲜脆"
crisscross,n.十字形adj.十字形的adv.十字形地vi.交叉往来vt.画十字形于
crizzle,"vi.(表面)变得不平,起皱 vt.使...的表面不平,使...的表面起皱"
croak,"n.蛙或鸦的叫声vi.嗄嗄叫,发牢骚vt.用嘶哑的声音说"
crook,"n.钩状物,(河、道的)弯处,<美口>骗子vt.使弯曲,诈骗vi.弯曲"
crool,vi.发咕咕声
crop,"n.农作物,产量,平头,短发vt.收割,修剪,种植vi.收获"
croquet,"n.槌球戏,循环球戏vi.击自己的球使其撞打对方的球"
crouch,"vi.蜷缩,蹲伏"
crow,"n.乌鸦,似乌鸦的鸟,撬棍vi.啼叫,报晓,(婴孩)格格地笑"
cruise,"vi.巡游,巡航n.巡游,巡航"
crump,vi.爆炸n.炸弹
crunkle,"<英方>vt.使起皱,弄皱 ;vi.起皱"
crusade,"n.十字军东侵,宗教战争,改革运动vi.加入十字军,投身正义运动"
crust,"n.外壳,硬壳,面包皮vt.盖以硬皮vi.结硬皮"
cry,"vi.哭,流泪v.叫,喊n.哭泣,哭声,叫喊,喊声"
curr,"vi.(鸽子、猫等)咕咕叫,发咕咕声"
curtsy,n.屈膝礼vi.行屈膝礼
curve,"n.曲线,弯曲,[棒球]曲线球,[统]曲线图表vt.弯,使弯曲vi.成曲形"
curvet,"n.嬉戏,腾跃vi.腾跃,嬉戏"
cutify,"vi.皮肤形成,成皮 移植皮肤"
cycle,"n.周期,循环,自行车,一段时间,整套,(电学)周波vi.循环,轮转,骑自行车vt.使循环,使轮转"
daggle,"vi.拖曳,拖脏vt.使肮脏"
dap,"vi.将饵食轻放水面,轻点水面,跳出n.弹跳,乱跳"
dare,"n.挑战vi.敢,胆敢vt.敢冒,不惧"
darkle,"vi.潜藏在暗中,呈显黑色,变暗"
dash,"n.少量(搀加物),冲撞,破折号,锐气,精力,干劲vi.猛掷,冲撞vt.泼溅,使猛撞,搀和,使破灭,使沮丧,匆忙完成"
date,"n.日期,日子,(历史上某一)年代,时期,约会,枣椰子vt.约会,定日期vi.注明...的日期,过时 [计] 显示或设置系统日期"
daven,vi.(犹太教)作祈祷
dawn,"n.黎明,拂晓,破晓vi.破晓,开始现生,变得(为人所)明白v.破晓 Dawn 道恩(女子名)"
daydream,n.白日梦vi.做白日梦
deaden,"vt.使减弱,隔阻,防住vi.变得如死一般,失去活力等"
deafen,vt.使聋vi.变聋
deal,"n.交易,(政治上的)密约,待遇,份量,<口>买卖vi.处理,应付,做生意vt.分配,分给(out),发牌,给予"
debark,"vt.使登陆,卸载,使下船vi.登陆"
debauch,vt.使堕落vi.放荡n.放荡
debeak,vt.切去(鸡等)的嘴尖 vi.去喙
debouch,"vi.溢出,流出vt.使流出"
debus,vt.卸下vi.下车
decamp,"vi.秘密而匆忙地移居,撤营,逃走,逃亡"
decay,"vi.腐朽,腐烂,衰减,衰退n.腐朽,腐烂,衰减,衰退v.衰落"
decease,n.vi.死亡
decline,"vi.下倾,下降,下垂v.拒绝,衰落n.下倾,下降,下垂,斜面,斜坡,衰败,衰落"
declutch,"vi.分开离合器,(驾驶汽车时)放空档vt.使停转"
decompensate,vi.[医]代谢失调
decrepitate,vi.发出响声地烧烤vt.烧得发出轻脆声响
dedifferentiate,"di:`dIfE9reneIt/vi.[生]去分籉I`eIFLn/n.[生物,反分化"
defalcate,"vi.盗用公款,挪用公款,贪污"
defer,"vi.推迟,延期,听从,服从vt.使推迟,使延期"
deflate,"vt.放气,抽出空气,使缩小,紧缩(通货)vi.缩小"
defrost,"vt.除霜,使(冰的食物)融化vi.解冻"
degear,vi.<英>[经]"去啮合"(指减少定息债务而代之以股本)
dehisce,"vi.张口,裂开"
deign,vi.屈尊vt.赐予
deliquesce,"vi.溶解,解除,液化"
delir,"vi.陷入谵妄状态,说胡话 发狂 经历幻觉"
demonstrate,"vt.示范,证明,论证vi.示威"
demur,"vi.提出异议,反对,抗辩,犹豫n.异议,反对"
depart,"vi.离开,起程,不按照,逝世adj.过去的,逝世的"
depasture,"vt.使吃草,饲养,放牧vi.吃草"
depend,"vi.依靠,依赖"
depose,"vt.免职,废(王位),作证vi.宣誓作证"
deposit,"n.堆积物,沉淀物,存款,押金,保证金,存放物vt.存放,堆积vi.沉淀"
derive,vt.得自vi.起源
descend,"vi.下来,下降,遗传(指财产,气质,权利),突击,出其不意的拜访v.下去"
desert,"n.沙漠,应得的赏罚,功过adj.沙漠的,不毛的,荒凉的vt.放弃,遗弃,逃跑vi.逃掉,逃亡,开小差"
desiccate,"vt.使完全变干,干贮(食物等)vi.变干"
despair,"n.绝望,失望,令人失望的人(事物)vi.绝望"
destruct,adj.破坏的n.故意或有计划的破坏vi.破坏
detour,"n.便道,绕路vi.绕路而行vt.使绕道"
develop,"vt.发展,发达,发扬,进步,逐步展开(情节,音乐主题,方程式等)洗印,显影vi.发展,生长,发育,逐步显示出来"
deviate,"vi.背离,偏离v.偏离"
devolve,"vt.转移,传下,[生物] 退化,衰落vi.被移交"
diagonalize,"vi.循对角线方向移动,斜向移动vt.使对角线化,与...斜向地成一行"
dib,"vi.将饵在水面轻轻地上下拉动,轻轻垂钓"
dice,n.骰子vt.切成方块vi.掷骰子
dicker,"n.十个,小生意,十张vi.做小生意,易货,还价"
diddle,"vt.欺骗,骗取,浪费vi.快速摇动n.<美俚> 酒"
die,"vi.死亡,消逝,平息,渴望,漠然,熄灭vt.死n.骰子,钢型,硬模,冲模"
differ,"vi.不一致,不同"
digest,"n.分类,摘要vi.消化vt.消化,融会贯通"
dilate,"vi.扩大,详述,膨胀vt.使扩大,使膨胀"
dillydally,"vi.磨蹭,三心二意地浪费时间"
dine,"vi.吃饭,进餐"
ding,"vi.鸣(钟),连响,执拗地讲vt.反复地说给人家听n.钟声"
dingdong,n.丁当(声)vi.发丁当声
dingle,"n.峡谷,幽谷vi.发叮当声,发抖"
diplomatise,vi.&vt.<主英>=diplomatize
direct,"adj.径直的,直接的,直系的,直率的,[天]由西向东运行的,顺行的adv.直接地vt.指引,指示,指挥,命令,导演vi.指导,指挥"
dirty,"adj.肮脏的,卑鄙的,下流的,暴风雨的,恶劣的(天气)vt.弄脏vi.变脏"
disaccord,"vi.不一致,不和,相争n.不一致,不同意,不和"
disagree,"vi.不一致,不适宜"
disappear,"vi.消失,不见"
disarm,"vt.解除武装,回复平常的编制,缓和,消除(敌意,疑虑)vi.放下武器"
discant,vi.&n.=descant
discept,"vi.争论,有分歧"
discharge,"vt.卸下,放出,清偿(债务),履行(义务),解雇,开(炮),放(枪),射(箭)vi.卸货,流注n.卸货,流出,放电"
discourse,"n.演讲,论述,论文,讲道,谈话,谈论vi.谈论,演说"
disentangle,"vi.解脱,解开纠结,松开,解决(纠纷)vt.解开,松开"
disfunction,n.&vi.=dysfunction
disgust,"n.厌恶,嫌恶vi.令人厌恶,令人反感vt.使作呕"
dishoard,"vt.抛售(囤积的货物),减少...的储存vi.抛售囤积货物,减少储存"
disimprove,"vt.使变得更坏,使恶化vi.变得更坏,恶化"
disintermediate,vi.（美）作非居间化投资；从银行取出存款直接买股票
dislimn,<古><诗>vt.使(画等)的轮廓模糊 ;vi.变模糊
dismiss,"vt.解散,下课,开除,解职,使(或让)离开vi.解散"
disrobe,"vt.使脱光,脱去衣服vi.脱衣服,光着身"
dissert,"vi.论述,讨论 写论文 作学术讲演"
distill,"vt.蒸馏,提取vi.滴下"
disunite,"vt.不和,使分离vi.变得分离"
dive,"vi.潜水,跳水,下潜,俯冲n.潜水,跳水,下潜,俯冲"
diverge,"vi.(道路等)分叉,(意见等)分歧,脱离"
dizen,"vi.装饰,穿得漂亮"
dock,"n.<美> 码头,船坞,被告席,尾巴的骨肉部分vt.靠码头,引入坞,剪短vi.入船坞"
doctor,"n.医生,博士,[古]学者,<俚>修理师vt.授以博士学位,诊断,修改,<美>治疗,搀混(食物、饮料),修改vi.行医"
dodder,"vi.摇摆,蹒跚n.[植] 菟丝子"
dogfight,"n.混战,空战,狗咬狗,缠斗vi.在空中缠斗"
dolly,"n.<儿语> 洋娃娃,捣棒vi.推移动车vt.捣碎"
doodle,"vi.混时间,闲荡,涂鸦n.傻子,乱画(或乱写)之物"
dope,"n.粘稠物,浓液,涂料,涂布油,麻醉药物,笨蛋vt.上涂料,预测出vi.服麻醉品n.<美口>内幕,消息"
doss,"n.睡床,床铺,睡眠,<英俚> 卧处(尤指小客栈的)vi.睡卧"
dote,"vi.昏聩,溺爱"
double,"n.两倍,[计] 双精度型adj.两倍的,双重的vt.使加倍vi.加倍,快步走,加倍努力"
douse,"vt.插入水中,把弄熄,弄湿,放松vi.浸泡n.泼洒"
doven,vi.=daven
dovetail,"n.楔形榫头vt.与...吻合,用鸠尾榫接合vi.吻合"
doze,"vi.瞌睡,假寐vt.打瞌睡度过n.瞌睡"
drabble,"vt.弄得满身泥,拖脏vi.拖泥带水行走"
draggle,"vt.拖湿,拖脏vi.拖,落后"
drain,"n.排水沟,消耗,排水vt.排出沟外,喝干,耗尽vi.排水,流干"
dramatize,"vt.改编成为戏剧,编写剧本vi.戏剧地表现"
draw,"v.拉,曳,牵,画,绘制,拖曳vt.汲取,领取,提取,引起,吸引vi.向...移动,挨近n.平局,和局,拖曳"
dray,"n.运货马车,一种撬vi.以运货马车运vt.用马车运载"
dressmake,vi.制衣(尤指制女装)
drib,"n.点滴,少量vi.点滴地落下"
drive,"n.驾车,驱动器,快车道,推进力,驱使,动力,干劲,击球vt.开车,驱赶,推动、发动(机器等),驾驶(马车,汽车等)vi.开车,猛击,飞跑n.[计]驱动器"
drivel,"vi.淌口水,说傻话vt.胡说n.流口水,胡言乱语,糊涂话"
drone,"n.雄蜂,嗡嗡的声音,懒惰者,靶标vi.嗡嗡作声,混日子vt.低沉地说出"
drool,"vi.流口水,说昏话vt.从嘴淌下,散漫地说n.口水,梦话"
drowse,"n.困,瞌睡vi.打瞌睡vt.使瞌睡"
drudge,"n.做苦工的人vi.干苦力,做苦工vt.强迫做苦工"
drug,"n.药,麻药,麻醉药,滞销货vi.<俗> 吸毒vt.使服毒品,毒化"
drum,"n.鼓,鼓声,鼓形圆桶,[解]鼓膜,鼓室vi.击鼓,作鼓声vt.打鼓奏"
drypoint,"n.铜版画,铜版雕刻vi.铜版雕刻"
duck,"n.鸭子,急忙蹲下,闪避,<俚> 人,家伙vi.没入水中,闪避vt.猛按...入水,躲避"
dull,"adj.感觉或理解迟钝的,无趣的,呆滞的,阴暗的vt.使迟钝,使阴暗,缓和vi.变迟钝,减少"
dunkirk,"n.敦克尔克(法国北部港市,1940年英军和部分法军被德军击败后,由此撤往英国)vi.狼狈地撤退"
dwell,"vi.居住,踌躇"
ear,"n.耳朵,倾听,听觉,听力,穗vi.抽穗"
earth,"n.地球,陆地,泥土,洞穴,地球上的人类,尘世,[电]接地vt.埋入土中,把...赶入洞内,把...接地vi.躲入洞内"
ease,"n.安逸,安心,不费力,悠闲vt.使悠闲,使安心,减轻,放松vi.减弱,减轻,放松,灵活地移动"
ebb,"n.退,弱,退潮,衰落vi.潮退,衰退"
echelon,"n.[军]梯形,梯阵,梯次编队vt.排成梯队vi.排成梯队"
echo,"n.回声,回音,回波vi.发回声,随声附和vt.摹仿,重复,反射 [计] 禁止(或允许)在屏幕上显示批处理命令行"
edge,"n.刀口,利刃,锋,优势,边缘,优势,尖锐vt.使锋利,挤进,镶边,开刃vi.缓缓移动,侧着移动"
effervesce,"vi.冒泡,[化]泡腾,兴奋"
effloresce,"vi.开花,风化"
egotize,vi.过分强调自我
egotrip,"vi.追名逐利,自私地行事,表现自己"
egress,"n.出口,外出vi.外出"
ejaculate,"vt.突然说出,(从生物体中)射出vi.射出,流质,射精n.一次射出的精液"
elapse,"vi.(时间)过去,消逝v.流逝"
electioneer,vi.从事选举活动n.从事选举活动
electrotype,"n.电版,电版印刷物vt.制成电版vi.制电版"
elegize,vt.作挽歌祭引vi.作哀歌
elocute,"vi.作慷慨激昂的演说,朗诵 vt.慷慨激昂地讲出,朗读出"
elope,"vi.私奔,潜逃,出走"
emaciate,"vt.使憔悴,使消瘦vi.消瘦"
emanate,"vi.散发,发出,发源vt.[罕]发散,放射"
embrace,"vt.拥抱,互相拥抱,包含,收买,信奉vi.拥抱n.拥抱"
embroider,"vt.刺绣,镶边,装饰,给...添油加醋vi.绣花"
emerge,"vi.显现,浮现,暴露,形成,(由某种状态)脱出,(事实)显现出来"
emigrate,vi.永久(使)移居vt.(使)移民
emote,"vi.<美口>夸张地作为,表现感情,过火地表演,装模作样"
emplane,"vi.乘飞机vt.装上飞机,使乘飞机"
empurple,vt.使成紫色vi.发紫
encapsulate,"vt.装入胶囊,压缩vi.形成胶囊"
encroach,"vi.(逐步或暗中)侵占,蚕食,超出通常(或正常)界线"
encrust,"vt.在...上包(或涂)硬的外层,使在表面形成硬壳,(用贵重物品)装饰外层vi.结壳"
encyst,vt.把...包在囊内vi.被包在囊内
endeavor,"n.努力,尽力vi.尽力,努力"
energize,"vt.使活跃,给予精力,加强,给与...电压vi.用力,活动"
engage,"vt.使忙碌,雇佣,预定,使从事于,使参加vi.答应,从事,交战,[机]接合,啮合"
engorge,"vt.大吃,狼吞虎咽,使充血vi.大吃,贪吃,充血,[医]充血,充盈"
enplane,vi.搭乘飞机
enrol,"vt.登记,入学vi.参军,注册"
ensue,"vi.跟着发生,继起vt.(基督教<<圣经>>用语)追求"
enter,"vt.进入,加入,参加,登录,开始vi.进去,[戏]登场,参加n.输入,[计]回车"
entertain,"vt.娱乐,招待,接受,怀抱vi.款待"
enthrone,"vt.立...为王,使登基,任为主教,崇拜vi.热心"
enthuse,vt.<口>使热心vi.热心
entomologize,"vi.研究昆虫学,采集昆虫"
entrain,"vt.使乘火车,拖,产生,导致[化]带走,使空气以气泡状存在于混凝土中vi.乘火车"
epigrammatize,vi.写成警句vt.以讽刺诗形式书写
equate,"vt.使相等,[数]视为平等vi.等同"
equivocate,"vi.说模棱两可的话,支吾"
eradiate,"vt.vi.发射,辐射"
erect,"adj.直立的,竖立的,笔直的vt.盖,使竖立,使直立,树立,建立vi.[生理]勃起"
erode,"vt.侵蚀,腐蚀,使变化vi.受腐蚀,逐渐消蚀掉"
err,"vi.犯错,做错,犯罪,[废]走上歧途"
eruct,"vi.打嗝,喷出vt.喷"
erupt,vt.喷出vi.爆发
escalate,"vi.逐步升高,逐步增强vt.使逐步上升"
escape,"n.逃,逃亡,溢出设备,出口,逃跑,[植]野生vi.逃脱,避开,溜走vt.逃避,避免,被忘掉"
estivate,"vi.[动]度夏,过夏天,夏眠"
estray,"n.迷失的人,迷失的家畜vi.<古>迷路"
evanesce,"vi.逐渐看不见,消散"
evanish,"vi.消失,消灭"
even,"adj.平的,平滑的,偶数的,一致的,平静的,恰好的,平均的,连贯的adv.[加强语气]甚至(...也),连...都,即使,恰好,正当vt.使平坦,使相等vi.变平,相等n.偶数,偶校验"
eventuate,"vi.<美>结果为,终于发生,发生"
eviscerate,"vt.取出内脏,除去精华,除去主要部分vi.凸出"
exceed,"vt.超越,胜过vi.超过其他"
except,"vt.除,把...除外,反对,不计vi.反对 prep.除了...之外,若不是,除非 conj.只是,要不是"
excite,"vt.刺激,使兴奋,使激动vi.<口>兴奋,激动"
excurse,"vi.远足,短程旅行,游览"
execrate,"vt.痛骂,憎恨,憎恶,诅咒vi.诅咒"
exeunt,vi.退场
exfoliate,"vi.[植]片状剥落,[动]鳞片样脱落,[地]页状剥落vt.使片状脱落,使鳞片脱落"
exhaust,"vt.用尽,耗尽,抽完,使精疲力尽vi.排气n.排气,排气装置adj.用不完的,不会枯竭的"
exist,"vi.存在,生存,生活,继续存在"
exit,"n.出口,太平门,退场,去世vi.退出,脱离,去世 [计]  离开当前命令行外壳"
expand,"vt.使膨胀,详述,扩张vi.张开,发展"
expatiate,"vi.详述,细说"
expatriate,"vt.逐出国外,脱离国籍,放逐vi.移居国外n.亡命国外者"
expectorate,vt.咳出vi.吐痰
experiment,"n.实验,试验vi.进行实验,做试验"
expiate,"vt.补偿,赎vi.赎罪"
explode,"vt.使爆炸vi.爆炸,爆发,破除,推翻,激发"
expostulate,"vi.劝诫,忠告"
extemporise,vi.&vt.<主英>=extemporize
extravasate,vt.使从脉管中溢出vi.溢出n.渗出液
exult,"vi.非常高兴,欢跃"
fable,"n.寓言,神话,谎言vi.讲故事,编寓言,煞有其事地讲述"
face,"n.脸,面容,表情,威信,正面,地形,外观vt.面对,面向,面临,承认,抹盖vi.朝,向"
fade,"vi.(声音等)减弱下去,褪色,消失,枯萎,凋谢vt.使褪色n.淡入,淡出adj.乏味的,平淡的"
fag,"n.吃力的工作,疲劳,苦工vi.努力地工作vt.使劳累"
fail,"vi.失败,不及格,忘记vt.使失望,舍弃,辜负,不及格n.不及格,不及格者"
faint,"n.昏晕,昏倒adj.虚落地,衰弱的,软弱的,无力的,微弱的,暗淡的,模糊的vi.昏晕,昏倒,变得微弱,变得没气力"
fair,"adj.美丽的,女性的,(肤色)白皙的,(头发)金黄的,干净的,公平的,(天气)晴朗的adv.公平地,公正地,直接地,清楚地n.美好的事物,美人,展览会,市集vi.转晴"
fake,"n.假货,欺骗adj.假的vt.伪造,赝造,捏造,假造,仿造vi.伪装"
fall,"n.秋天,落下,瀑布,降低,落差,采伐量,堕落,下降vi.倒下,落下,来临,失守,变成,垮台,下跌,阵亡vt.<美><英方>击倒,砍倒(树木)adj.秋天的"
falter,"vt.支吾地说,结巴地讲出vi.支吾,蹒跚踉跄,摇摆,(声音)颤抖n.颤抖,支吾,踌躇"
famish,"vt.(常用被动语态)使挨饿,<古>使饿死vi.饥饿,挨饿"
fan,"n.扇子,鼓风机,风扇,迷,狂热者,爱好者vt.煽动,刺激,扇,吹拂vi.飘动,成扇形散开"
fare,"n.费用,旅客,食物vi.遭遇,进展,进步,经营,过活"
farm,"n.农场,农庄,农田vt.耕种vi.种田,务农,经营农场,从事畜牧"
fart,n.<俗>屁vi.放屁
fascinate,"vt.使着迷,使神魂颠倒vi.入迷,极度迷人的"
fast,"adj.紧的,牢的,忠实的,快速的,耐久的,紧的adv.牢固地,很快地,紧紧地,彻底地n.禁食,绝食,斋戒vi.绝食,斋戒"
fasten,"vt.扎牢,扣住,闩住,拴紧,使固定,系,集中于,强加于vi.扣紧,抓住"
fat,"n.脂肪,肥肉;adj.肥大的,丰满的,肥的,胖的,油腻的;vt.养肥,在...中加入脂肪;vi.长肥;File Allocation Table,文件分配表"
fathom,"n.长度单位(6英尺)vt.测量深度,看穿,彻底了解vi.测深,进行探索"
fatigue,"n.疲乏,疲劳,累活,[军]杂役vt.使疲劳,使心智衰弱vi.疲劳"
fatten,"vi.长肥,(靠...)发财,养肥vt.养肥,使肥沃,使充实,使肥胖"
fault,"n.过错,缺点,故障,毛病vt.挑剔vi.弄错"
fawn,"n.(未满一岁的)小鹿,小山羊,小动物,鹿毛色,浅黄褐色vi.奉承,讨好v.生(小山羊或小动物)adj.浅黄褐色"
feast,"n.节日,盛宴,筵席,宴会,酒席vt.盛宴,款待,享乐,请客vi.参加宴会,享受"
feather,"n.翎毛,轻的东西,羽毛vi.长羽毛vt.用羽毛装饰,射掉(飞禽)的羽毛"
featherbed,vi.任闲职vt.使任闲职adj.任闲职的
feature,"n.面貌的一部分(眼,口,鼻等)特征,容貌,特色,特写vt.是...的特色,特写,放映vi.起重要作用"
feed,"n.饲养,饲料,(动物或婴儿的)一餐vt.喂养,饲养,放牧,靠...为生vi.吃东西,流入"
feel,"vt.摸,触,试探,感觉,觉得,触摸,以为vi.有知觉,(人)有某种感觉,摸索,同情n.感觉,觉得,触摸"
feep,n.(计算机终端发出的)尖笛声vi.发出尖笛声
feign,"vt.假装,装作,捏造,<古>想象vi.作假"
feint,"n.假象,伪装,假装,假托,佯攻,虚击vi.装作,假装,佯攻adj.假的,虚饰的,不鲜明的,淡的"
felt,"n.毡,毡制品,(造纸用的)毛布vt.把...制成毡,使粘结vi.粘结 vbl.feel的过去式和过去分词"
feminize,"vi.女性化vt.有女性风度,使女性化"
fence,"n.栅栏,围墙,剑术vt.用篱笆围住,练习剑术,防护vi.击剑,围以栅栏,跳过栅栏,搪塞"
fend,"vt.保护,谋生,供养,挡开vi.<英>努力,力争,供养,照料"
ferret,"n.白鼬,雪貂,侦探,细带vt.用雪貂打猎,追赶,搜出,驱出vi.用雪豹狩猎,搜索"
ferry,"n.摆渡,渡船,渡口vt.渡运,(乘渡船)渡过,运送vi.摆渡,(船)来往行驶"
fester,"n.脓疮vi.溃烂,化脓vt.使烦恼,使溃烂"
fetch,"vt.接来,取来,带来,售得,引出,吸引,到达,演绎出vi.取物,绕道而行n.取得,拿,诡计,魂"
feud,"n.不和,(部落或家族间的)世仇,封地,争执vi.长期不和,长期争斗"
fib,"n.无伤大雅的谎言,小谎,一击,打vi.撒小谎vt.一击,打"
fiddle,"n.小提琴,无意识而不停地拨弄vt.虚度时光,拉小提琴vi.拉小提琴,瞎搞"
fidget,"vi.坐立不安,烦躁,慌张,(不安地或心不在焉地)弄,玩弄 vt.使烦乱,使不安n.坐立不安,烦躁,不安定"
field,"n.原野,旷野,领域,(一块)田地,牧场,域,战场,运动场vt.把(谷物等)暴晒于场上,使上场vi.担任场外队员adj.田间的,野生的,野外的,田赛的 扫描场"
fight,"n.打架,战斗,斗志vi.打仗,搏斗,对抗,打架vt.与...打仗,指挥战斗,反对...提案"
file,"n.文件,档案,文件夹,卷宗,锉刀vt.把...归档,提出(申请等),锉,琢磨vi.列队行进,用锉刀锉"
filibuster,"n.掠夺兵,暴兵,海盗vi.掠夺,阻饶议事vt.阻碍议案通过"
fill,"vt.装满,注满,充满,填充,弥漫,供应,供给,满足vi.充满n.满足,饱,充分,填方v.填充"
fillip,"n.弹指,轻击,刺激vt.用指弹,刺激,激起vi.弹指"
film,"n.薄膜,膜层,胶卷,影片,薄雾,轻烟,电影vt.在...上覆以薄膜,拍成电影vi.生薄膜,变成朦胧,拍电影"
filter,"n.滤波器,过滤器,滤光器,筛选vt.过滤,渗透,用过滤法除去vi.滤过,渗入,(消息等)走漏,慢慢传开"
fin,"n.鳍,鱼翅,鳍状物,五元纸币vi.猛挥鳍,露鳍于水面的vt.装上翅,切除鳍"
finagle,"vt.欺骗,哄骗,欺瞒vi.使用欺骗诡诈手段"
finance,"n.财政,金融,财政学vt.供给...经费,负担经费vi.筹措资金"
financier,"n.财政家,金融家vi.欺骗性地从事金融活动,欺骗,骗取"
find,"vt.找到,发现,感到,查明,得到,认为,见到...的存在vi.裁决n.发现 [计] 在文件中查找指定的字符串"
fine,"adj.美好的,优良的,杰出的,精美的,杰出的,细,纤细,纯粹n.罚款,罚金,晴天,精细vt.罚款,精炼,澄清vi.变清,变细adv.<口>很好,妙,[常用于构成复合词]细微地,精巧地"
finish,"n.完成,结束,磨光,末道漆,完美vt.完成,结束,用完,毁掉,使完美vi.结束,终结,停止,终止"
fink,"n.破坏及反罢工的人,告发人,密告人,乞丐vi.向警方告密,做工贼"
fire,"n.火,炉火,火灾,失火,闪光,炮火,热情,激情vt.点燃,烧制,使发光,给(炉子等)加燃料,放枪,激动,<口>解雇vi.开枪,射击,着火,烧火,激动"
firefang,vi.(肥料、大麦等)受热变质
firm,"n.公司,(合伙)商号adj.结实的,坚硬的,坚定的,坚固的,牢固的,稳固的,严格的vt.使牢固,使坚定vi.变稳固,变坚实adv.稳固地,坚定地"
fish,"n.鱼,鱼肉,鱼类,接合板vt.钓,钓鱼,查出,用接合板连接vi.捕鱼,钓鱼,用钩捞取,间接探听,拉摸索寻找"
fishtail,adj.鱼尾状的vi.摇摆尾翼而减缓飞行速度
fit,"n.突然发作,适合,痉挛,一阵adj.合适的,恰当的,健康的,,准备好的vt.适合,安装,使合身,使适应,使合格vi.适合,符合"
fix,"vt.使固定,装置,修理,准备,安装,凝视,整理,牢记vi.固定,注视,决定,选定,确定n.困境,方位,贿赂"
fixate,"vi.视线移向,注视vt.使固定,注视,凝视,集中(眼)力"
fizz,"vi.嘶嘶响,兴奋n.嘶嘶声,兴奋,活跃"
fizzle,"n.嘶嘶声,微弱地结束,失败vi.发嘶嘶声,失败"
flank,"n.腰窝,侧面,军队侧翼,侧腹,胁,腰窝肉vt.在...的侧面,侧翼包围,守侧面vi.侧面与...相接"
flare,"n.闪光,闪耀vi.闪光,突然烧起来,闪耀vt.使闪耀,使张开"
flash,"n.闪光,闪现,一瞬间;vi.闪光,闪现,反射,使迅速传便;vt.使闪光,反射;adj.闪光的,火速的"
flatten,"vi.变平,变单调vt.使平,变平,打倒,使失去光泽"
flaw,"n.缺点,裂纹,瑕疵,一阵狂风vt.使破裂,使有缺陷,使无效vi.生裂缝,变的有缺陷"
fledge,"vi.长羽毛,(幼虫)长翅(变成成虫)vt.喂养,用羽毛盖上,装上羽毛"
flee,"vt.逃避,逃跑,逃走vi.消散,逃,消失"
fleer,"vi.狞笑,讥笑,(作鬼脸表示轻蔑)嘲弄vt.嘲笑n.冷嘲,嘲笑,愚弄,嘲笑挖苦的话(或表情)"
fleet,"n.舰队(尤指有固定活动地区的舰队),港湾,小河adj.快速的,敏捷的,浅的adv.浅vt.消磨vi.疾驰,飞逝,掠过"
flesh,"n.肉,(供食用的)兽肉,肉体,肉欲,果肉,蔬菜的嫩部,亲属,人体vt.以肉喂(猎犬等),使肥,赋以血肉vi.长胖"
flicker,"n.扑动,闪烁,闪光,颤动vi.闪动,闪烁,摇动,扑动翅膀,[美俚]昏倒,假装昏倒vt.使摇曳,使闪烁"
flight,"n.飞行,逃走,飞跃,飞机的航程,班机,追逐,楼梯的一段,射程vi.成群飞行,迁徙vt.射击(飞禽),使惊飞"
flinch,"vi.畏缩,退缩,畏首畏尾n.退缩,畏缩"
fling,"n.投,掷,猛冲,暴躁的行动,急冲,嘲弄,讥笑vt.猛投,抛,掷,使陷入,挥动,嘲笑,扫视vi.猛冲,直冲,急行"
flip,"vt.掷,弹,轻击,(用鞭等)抽打,空翻vi.用指轻弹,抽打,翻动书页(或纸张),蹦跳n.抛,弹,筋斗adj.无礼的,冒失的,轻率的"
flirt,"vt.忽然弹出,挥动vi.调情,摇晃的移动,玩弄,摇晃地摆动,摆动,轻率地对待n.卖弄风情的人,调情的人"
flit,"n.vi.掠过,迁徙,迅速飞过,(鸟,蝙蝠等)飞来飞去"
flitter,"vi.飞来飞去,匆忙来往n.一掠而过的东西"
flivver,"n.廉价小汽车,欺骗,失败vi.失败,乘廉价小汽车"
float,"n.漂流物,浮舟,漂浮,浮萍,彩车vi.浮动,飘浮,散播,摇摆,漂浮,动摇(计划等)付诸实行vt.使漂浮,容纳,淹没,发行,实行,用水注满"
flood,"n.洪水,水灾,(因雨)涨潮,[诗]水vt.淹没,使泛滥,注满,充满vi.被水淹,溢出,涌进,喷出,涌出"
flop,"n.砰然落下,拍击声,失败vi.扑拍,跳动,脚步沉重地走,笨重地摔,猛落vt.笨拙地抛下adv.噗地一声,恰巧"
floreat,"<拉>vi.祝它繁荣昌盛,祝他(或她)事业兴旺"
flounce,"n.衣裙上的荷边装饰vt.镶以荷叶边,在...上vi.跳动,突然离去,挣扎"
flounder,"vi.(在水中)挣扎,困难地往前走,踌躇,发慌n.挣扎,辗转,比目鱼"
flourish,"vi.繁荣,茂盛,活跃,手舞足蹈,兴旺,处于旺盛时期vt.挥动,夸耀n.茂盛,兴旺,华饰,繁荣"
flout,"vt.轻视,嘲笑,愚弄vi.表示轻蔑n.侮辱,嘲笑,愚弄,轻视"
flow,"n.流程,流动,(河水)泛滥,洋溢vi.流动,涌流,川流不息,飘扬vt.溢过,淹没"
flower,"n.花,开花的植物,花卉,精华,盛时vi.开花,旺盛,成熟vt.用花装饰,使开花"
flub,"vt.搞坏,把...搞得一团糟,做得不好,弄糟vi.搞错,瞎搞n.失策"
fluctuate,"vi.变动,波动,涨落,上下,动摇vt.使动摇,使波动,使起伏"
fluff,"n.软毛,柔毛,绒毛,错误,无价值的东西vi.起毛,变松,出错vt.使起毛,抖松,念错(台词)"
fluidify,"vi.积满液体,液化vt.使成为流动,使流体化"
flume,"n.水槽,斜槽,液槽,水道vt.顺流搬运,用槽引水vi.利用水槽,造水槽"
flunk,"n.失败,不及格vi.失败,放弃,考试不及格vt.使不及格"
fluoresce,vi.发荧光
flurry,"n.阵风,小雪,小雨,飓风,慌张vt.使恐慌,使狼狈vi.激动,慌张"
flush,"n.奔流,晕红,激动,萌芽,活力旺盛,发烧,一手同花的五张牌,惊鸟;adj.挥霍的,直接的,泛滥的;adv.齐平地,直接地;vi.(脸)发红,奔涌,充沛,惊飞;vt.淹没,冲洗,使脸红,使齐平,使惊飞,使激动"
fluster,"n.慌乱,狼狈,混乱,激动vt.使酩醉,使慌张,使激动vi.慌慌张张的行动,混乱"
flutter,"n.摆动,鼓翼,烦扰vi.鼓翼,飘动,悸动,乱跳,烦扰vt.拍(翅),使焦急"
flux,"n.涨潮,变迁,[物]流量,通量vi.熔化,流出vt.使熔融,用焊剂处理"
fly,"n.苍蝇,两翼昆虫,飞行vi.飞翔,飘扬,溃逃vt.飞越,使飘扬,逃脱adj.机敏的,敏捷的"
flyspeck,"n.蝇粪留下的污点,污点,小斑vi.弄脏"
foam,"n.泡沫,水沫,泡沫材料,泡沫橡皮,泡沫塑料vi.起泡沫,冒汗水,吐白沫vt.使起泡沫"
focalize,"vt.调节...的焦距,使集中在焦点上,使集中在一点上vi.聚焦,调焦距,限制于小区域"
focus,"n.(兴趣活动等的)中心,焦点,焦距,[医]病灶,[地](地震的)震源vi.聚焦,注视vt.使集中在焦点上,定焦点,调焦,集中"
fog,"n.雾,烟雾,尘雾,迷惑,苔藓vi.被雾笼罩,变模糊vt.使困惑,以雾笼罩"
fold,"n.折,羊栏,折痕,信徒vt.折叠,包,合拢,抱住,笼罩,调入,交迭vi.折叠起来,彻底失败"
follow,"vt.跟随,追随,沿...而行,理解,遵循,从事,追求,注视vi.跟随,接着n.跟随,追随"
fool,"n.愚人,白痴,莽汉,受骗者,奶油拌水果vt.愚弄,欺骗,浪费vi.干傻事,开玩笑,游荡adj.傻的"
foot,"n.足,底部,英尺,音步(英诗),步调,步兵,末尾vt.走在...上,支付,给...换底,结算vi.步行,跳舞,总计"
footle,"n.呆话,傻事vi.说呆话,做笨事,浪费时间"
footslog,vi.在泥泞中费劲地步行
foray,vt.<古>劫掠vi.袭击n.袭击
forecheck,"vi.{冰}在对方守区内阻截对方球员,前场阻截"
foreclose,"vt.排除在外,妨碍,自称,阻止,预先处理,取消抵押品赎回权vi.[律]取消抵押品赎回权"
forereach,vt.赶上或超过(前船)vi.(船)突然加速前进
forgather,"vi.聚会,偶然遇见,结交"
forget,"vt.忘记,忽略vi.忘记,忘形,忘乎所以"
formalize,"vt.使正式,形式化vi.拘泥于形式"
formicate,"vi.爬动,群集,蠢动"
fornicate,"vi.通奸adj.弓形的,拱状的"
fortify,"vt.设防于,增强(体力,结构等)使坚强,增加,(酒)的酒精含量vi.筑防御工事"
fossick,"vi.淘金,翻寻,搜求"
fossilize,"vt.使成化石,使陈腐vi.变成化石,搜集(或发掘)化石标本"
foul,"adj.污秽的,邪恶的,肮脏的,淤塞的,恶劣的vt.弄脏,妨害,污蔑,犯规,淤塞vi.腐烂,犯规,缠结n.犯规,缠绕adv.违反规则地,不正当地"
founder,"n.铸工,翻沙工,创始人,奠基人vt.使沉没,使摔倒,弄跛,浸水,破坏vi.沉没,摔到,变跛,倒塌,失败 方正集团,中国最著名的电子照排系统的生产商"
fox,"n.狐狸,狐皮,狡猾的人vi.奸狡地行动,变酸vt.使变酸,使生黄斑"
frame,"n.结构,体格vt.构成,设计,制定,使适合,陷害vi.<英方>有成功希望n.帧,画面,框架"
fraternize,"vi.结有深交,友善"
fray,"n.冲突,打架,争论,(织物等)磨损处vt.使磨损vi.被磨损"
freebase,vi.<美俚>加热吸用精炼可卡因
freeboot,vi.做海盗
freewheel,"n.自由飞轮vi.轻快地行动,凭惯性前进"
fribble,"n.无聊的人,轻佻的人,无益的行为vi.做无聊事"
fricassee,n.炖重汁肉丁vi.做炖肉丁
frighten,vt.使惊吓vi.惊恐
frisk,"n.快乐,快乐的时刻,搜身vi.欢跃,蹦跳vt.轻摇"
frivol,"vt.糟蹋,浪费vi.虚度日子,浪费"
frizzle,"n.卷发,卷毛,吱吱响声vt.使卷缩,使卷曲vi.卷曲,炸得吱吱响"
frog,n.青蛙vi.捕蛙
frolic,"n.嬉闹vi.嬉戏adj.嬉戏的,欢乐的"
front,"n.前面,开头,前线,(政治上的)阵线,态度,外表vt.面对,朝向,对付vi.朝向"
froth,"n.泡,泡沫,废物vt.使生泡沫vi.发泡"
frown,"vi.皱眉,蹙额,不赞成,反对v.皱眉"
frowst,"n.不通气,闷气vi.闷居室内"
fruit,"n.水果,果实,果类,成果vi.结果实"
fuck,"vi.性交vt.欺骗,利用,诅咒,与...性交n.性交,杂种,性交对象,毫不在乎int.他妈的"
fuddle,"vt.灌醉,使迷糊,使烂醉vi.狂饮n.烂醉"
fudge,"n.梦话,胡话,纸中另版插印记事int.胡说八道!vi.蒙混,逃避责任vt.粗制滥造,捏造"
fuel,"n.燃料vt.加燃料,供以燃料vi.得到燃料"
fug,n.室内的闷浊空气vi.呆在闷室中vt.使闷塞
fugle,"vi.<古>担任示范兵,领导"
fulminate,"vt.使爆发,以严词谴责vi.爆炸,电闪,怒喝n.雷酸盐,雷汞"
fun,"n.娱乐,玩笑,嬉笑,有趣的人或事物vi.开玩笑adj.供娱乐用的"
function,"n.官能,功能,作用,职责,典礼,仪式,[数]函数vi.(器官等)活动,运行,行使职责"
functionate,vi.=function
funk,"n.怯懦,恐惧,臭味,恐怖vt.畏缩,害怕,使闻到臭味vi.惊恐,发出臭味"
furcate,"adj.叉形的,分叉的vi.分叉"
furl,"vt.卷收,叠,收下vi.卷起,收拢n.卷收,卷起之物,卷起"
fut,"n.,vi.&adv.=phut"
futz,"vi.<美俚>闲荡,闲混(around)"
fuzz,"n.细毛,绒毛,警员vi.变成绒毛状,作绒毛状飞散vt.起毛,使模糊"
gab,"n.饶舌,多嘴,爱说话vi.空谈,唠叨,瞎扯"
gabble,"vi.急促而不清楚地说话,七嘴八嘴地说,喋喋不休地说vt.急促地说n.急促讲出而叫人听不清说的话"
gad,"vi.闲逛,游荡,找乐子vt.用铁棒刺n.游荡,錾,(赶牲畜用的)尖头棒int.表示轻微的咒骂或惊讶,God 的变形"
gaff,"n.大鱼叉,帆船上缘的斜桁,鸡脚上的铁爪,<英俚>低级娱乐场所vt.用鱼叉捉,用鱼钩拖上来,欺骗vi.赌博(尤指小赌博)"
gag,"n.塞口物,随口科白,打诨,箝口物,箝制言论,讨论终结vt.塞物于...的口中,禁止,使窒息,使呕吐,压制言论自由,插科打诨,欺骗vi.窒息,作呕,欺骗,插科打诨"
gaggle,"n.鹅群,一群vi.嘎嘎叫"
gain,"n.财物的增加,财富的获取,利润,腰槽,收获vt.得到,增进,赚到,开腰槽于vi.获利,增加"
galavant,vi.=gallivant
gall,"n.胆汁,恶毒,怨恨,五倍子,苦味,磨伤(尤指马的),肿痛,恼怒vt.磨伤,烦恼,屈辱vi.被磨伤"
gallivant,"vi.闲逛,与异性闲荡"
gallop,"n.疾驰,飞奔vi.飞驰,急速进行,急急忙忙地说vt.使飞跑,迅速运输"
galop,"n.(流行于十九世纪的一种)快步舞,该舞曲vi.跳该舞"
galumph,vi.意气扬扬地走
gambol,"n.欢跳,雀跃,嬉戏vi.欢跳,雀跃,耍闹"
game,"n.比赛,游戏,竞赛,[复]运动会,玩耍,比分,比赛规则,策略vi.赌博adj.勇敢的,有胆量的,关于野味的,跛的"
gammon,"n.腌猪腿,胡说vt.腌,欺骗vi.胡说,作假int.胡说八道!"
gangrene,"n.坏疽,腐败堕落的vi.生坏疽,腐败vt.使生坏疽"
gargle,"n.含漱剂,漱口药vt.漱vi.漱口"
gasp,"vi.喘息,气喘vt.气吁吁地说"
gastrulate,"vi.[生]形成原肠胚,处于(或具有)原肠胚阶段"
gather,"n.集合,聚集vi.集合,聚集,渐增,蹙眉,化脓vt.使聚集,搜集,积聚,推断"
gaup,vi.=gawp
gawp,vi.直瞪瞪地注视n.呆人
geologize,"vi.研究地质,调查地质"
gerrymander,"vt.为本党利益改划选举区分vi.不公正操纵,欺骗n.改变选举区,欺骗"
get,"vt.获得,变成,收获,使得,挣得,受到(惩罚,打击等),染上,抓住vi.到达,成为,变得n.生殖,幼兽"
gipsy,vi.流浪
girt,vt.围绕vi.围长为
girth,"n.周长,(马等的)肚带,腰身vt.以带束缚,围绕,包围vi.围长为"
give,"n.弹性,可弯性vt.给,授予,供给,献出,让步,引起,发表,捐助vi.捐赠,让步"
gladden,vt.使喜悦vi.喜悦
glance,"vi.扫视,匆匆一看n.一瞥,眼光,匆匆一看"
glass,"n.玻璃,玻璃制品,玻璃杯,镜子,眼镜,望远镜,气压计,晴雨表vt.装玻璃于,反映vi.成玻璃状"
gleam,"n.微弱的闪光,一丝光线,瞬息的一现vi.闪烁,隐约地闪现vt.使发微光,使闪烁"
glitter,"vi.闪闪发光,闪烁,闪光n.闪光"
gloss,"n.光泽的表面,光彩,欺人的表面,假象,注释vt.使有光彩,掩饰,上光于,注释,曲解vi.发光,作注释"
glout,"vi.<古>皱眉,蹙额"
glow,"vi.发光,发热"
gloze,"vt.(原指)注释,解释,掩饰,文饰vi.谄媚"
glug,<口>vi.发汩汩声 ;vt.大口喝
gnarl,"n.节,瘤vi.生节,咆哮vt.使有节,扭"
gnarr,vi.=gnar
go,"vi.离去,走,进行,变成,趋于,达到,求助于,诉诸vt.以...打赌,忍受,出产n.去,进行"
gob,"n.凝块,口,<俚>美国水兵vi.吐唾沫"
gobble,"n.火鸡叫声vt.狼吞虎咽vi.贪食,咯咯叫声"
goggle,"n.眼睛睁视,(复数)风镜,护目镜adj.睁眼的,瞪眼的vi.眼珠转动,瞪眼看vt.使瞪眼"
goldbrick,"vi.称病,欺诈,偷懒n.假金砖,懒汉,赝品"
golf,n.高尔夫球vi.打高尔夫球
gollop,"vt,vi.&n.<口>大口吞咽"
gondole,vi.乘(意大利威尼斯的)凤尾船旅行 vt.划(凤尾船)
goof,"n.呆瓜vt.弄糟vi.混,打发时间,出大错"
gooseflesh,"n.(恐惧,寒冷等引起的)鸡皮疙瘩vi.起鸡皮疙瘩"
grabble,"vi.搜索,匍匐搜索,爬vt.夺取"
graunch,"vi.发出吱吱嘎嘎的声音,发出刺耳的声音 vt.使发出吱吱嘎嘎的声音"
greaten,"vt.使变大,使伟大vi.变伟大"
gride,vi.擦刮n.粗厉的擦刮声
grimace,"n.面部的歪扭,痛苦的表情,鬼脸vi.扮鬼脸,作苦相"
gripe,"n.紧握,柄,把手,控制,苦恼vt.抓紧,抱住,激怒,使苦恼,使肠痛vi.肠痛,抱怨"
grizzle,"n.灰色,灰色物,灰发vi.变成灰色,发脾气vt.使成灰色"
groan,"n.呻吟,叹息vi.呻吟,受折磨,受压迫发出嘎吱声vt.呻吟着说"
grog,n.掺水烈酒vi.饮掺水烈酒
gronk,vi.<美口>[计]停止工作(out)
groom,"n.马夫,新郎,男仆vt.喂马,推荐,整饰vi.修饰"
grouch,"n.不高兴的人,心怀不满vi.<美>闹脾气,发牢骚"
ground,"n.地面,土地,战场,场所,范围adj.土地的,地面上的vt.把...放在地上,使搁浅,打基础vi.具有基础,着陆,搁浅 vbl.grind的过去式"
grouse,"n.松鸡,牢骚vi.埋怨"
grovel,"vi.趴,匍匐,卑躬屈膝,五体投地的"
grow,"vi.生长,成长,渐渐变得,增长,增高vt.种植,栽培,培育"
grue,"vi.(因害怕或寒冷的)发抖,战栗n.一阵战栗,可怕的性质(影响),<苏格兰>一点,一粒薄浮冰,雪"
grumble,"adj.抱怨地表示,嘟囔地说n.怨言,满腹牢骚vi.抱怨,发牢骚,咕哝,嘟囔,隆隆响vt.喃喃地说出"
grunt,"vi.(猪等)作呼噜声,(表示烦恼、反对、疲劳、轻蔑等)发哼声vt.咕哝着说出n.呼噜声,咕哝"
gruntle,"vi.咕哝,嘀咕 vt.使高兴 使满意"
grutch,"vi.抱怨,发牢骚 vt.勉强地给 勉强地准许"
guard,"n.守卫,警戒,护卫队,防护装置vt.保卫,看守,当心vi.防止,警惕,警卫"
guess,"vt.猜测,推测,猜中,猜对,想,认为vi.猜,推测n.猜测,推测"
guest,"n.客人,来宾,旅客vt.招待,款待vi.作客,寄宿"
guide,"n.领路人,导游者,向导,引导者,指南vt.指导,支配,管理,带领,操纵vi.任向导"
guitar,"n.吉他,六弦琴vi.弹吉他"
gulp,"vt.吞,一口吞(下),忍住,抑制vi.吞咽n.吞咽"
gumshoe,"n.<美>橡皮套靴,胶底运动靴,<俚>侦察vi.悄悄走,秘密行走,侦察adj.偷偷做的"
gun,"n.炮,枪,<美>手枪,油门vi.用枪射击,用枪打猎,加大油门快速前进vt.向...开枪,开大(引擎、汽车)的油门"
gunfight,n.&vi.(两人之间的)用枪格斗
gurge,"vi.造成旋涡,打旋"
gurgle,"n.(流水的)汩汩声,欢乐的(咯咯声),(人发)咯咯声,汩汩地流vi.(流水)作汩汩声"
gutter,"n.水槽,檐槽,排水沟,槽,贫民区vt.开沟于vi.流n.装订线"
gypsy,"n.吉普赛人,吉普赛语adj.象吉普赛人的vi.流浪"
gyrate,"vi.旋转,不停地转动adj.旋涡状的"
gyre,"n.旋回,旋转,回转vi.旋回"
habilitate,"vt.提供周转资金,予以穿着vi.取得资格"
hade,"n.伸角,断层倾角vi.垂直倾斜"
haemolyze,[生理]vi.发生溶血;vt.使(红细胞)溶解
hail,"n.冰雹,致敬,招呼,一阵vt.向...欢呼,致敬,招呼,使象下雹样落下,猛发vi.招呼,下雹int.万岁,欢迎"
halo,"n.(日月周围的)晕轮,光环,荣光vt.使有晕轮,围以光环vi.成晕轮"
halt,"n.停止,暂停,中断vt.使停止,使立定vi.立定,停止,踌躇,有缺点"
handle,"n.柄,把手,把柄,口实,手感vt.触摸,运用,买卖,处理,操作vi.搬运,易于操纵n.[计]句柄"
hang,"n.悬挂的方式,(动作的)暂停,中止vt.悬挂,附着,装饰,绞死,踌躇,使悬而未决,垂下vi.悬着,垂下,被绞死,悬而不决"
hanker,"vi.渴望,追求"
hap,"n.偶然,机会,运气vi.偶然发生"
happen,"vi.发生,碰巧,偶然v.发生,恰巧,偶然发现"
harden,"vt.使变硬,使坚强,使冷酷vi.变硬,变冷酷,涨价"
hark,"vi.听(常用于命令句,如Hark!听!)"
harp,"n.竖琴vi.弹奏竖琴,不停地说,喋喋不休"
harrow,"n.耙(地),使精神痛苦vt.耙掘,伤害,使苦恼vi.被耙松"
hassle,n.激战vi.争论vt.与...争辩
hatch,"n.孵化,舱口,舱口盖,(门、墙壁、地板上的)开口vt.孵,孵出,策划,图谋vi.孵化"
haul,"n.用力拖拉,拖,拉,捕获物,努力得到的结果,(尤指)一网捕获的鱼量,拖运距离vi.拖,拉,改变方向,改变主意vt.拖拉,拖运"
haussmannize,"vt.以奥斯曼式改建(城市或街道等),使(城市或街道等)奥斯曼化,大规模改建(城市或街道等)vi.大规模改建城市(或街道等)"
haver,"vi.胡说八道,说废话 消磨时间"
haw,"n.山楂,吆喝牲畜左转,瞬膜,呃vt.使向左转vi.向左转,支吾"
hawk,"n.鹰,掠夺他人的人,鹰派成员vi.放鹰,像鹰一般地袭击,清嗓,咳嗽vt.捕捉,咳出,兜售,(沿街)叫卖,散播"
haze,"n.薄雾,疑惑,阴霾vt.使变朦胧,使变糊涂,使劳累vi.变朦胧,变糊涂"
head,"n.头,头脑,领袖,(队伍,名单等)最前的部分,人,顶点vt.作为...的首领,朝向,前进,用头顶vi.成头状物,出发adj.头的,主要的"
hear,"vt.听到,听说,听取,审理,允许vi.听见,听到"
hearken,vi.倾听
hearten,"vt.鼓励,激励vi.振奋"
heathenize,vi.做异教徒vt.使成异教徒
hebraize,"vt.使成希伯来语,使成希伯来式vi.希伯来化,说希伯来话,希伯来语式地说"
hedgehop,"vi.超低空飞行,话题变来变去"
heehaw,"n.vi.驴叫,傻笑,狂笑"
heft,"n.重量,重要性,分量vt.举起试重量,举起vi.重达"
helihop,vi.乘直升机(从一地到一地) 作短程旅行
hell,"n.地狱,苦境,阴间,地狱中的人,训斥vi.狂饮,飞驰int.该死!"
help,"n.帮忙,补救办法,助手,治疗,<美>佣工vt.帮助,助长,接济,治疗,款待vi.有用,救命,招待 [计] 显示命令格式的简短概述"
henpeck,vi.惧内
herbarize,vi.<古>=botanize
herborize,"vi.采集植物,采集药草"
herniate,"vi.[医]脱肠,患疝气"
heroize,vt.使英雄化vi.以英雄自居
hex,"n.十六进制,巫婆,妖法vt.施魔法于vi.施魔法"
highstick,"{冰}vi.举杆过肩,举杆过肩阻截对方;vt.举杆过肩阻截"
hire,"n.租金,工钱,租用,雇用vt.雇请,出租vi.受雇"
historicize,"vt.使历史化,使具有历史真实性,把...作为史实记录(或表述) vi.使用史料"
hit,"n.打击,打,碰撞,讽刺,(演出等)成功vt.打,打击,碰撞,击中,袭击,偶然发现,伤...的感情,找到vi.打,打中,打击,碰撞,偶然碰上"
hitch,"n.猛拉,急推,蹒跚,故障vt.猛拉,系住,拴,钩住,套住vi.蹒跚,被钩住"
hitchhike,vi.搭便车vt.要求(搭便车)
hobnob,"vi.对酌,共饮,(亲切)交谈n.共饮,交谈"
hold,"n.把握,把持力,柄,控制,监禁,掌握,货舱vt.拿着,保存,支持,占据,持有,拥有vi.支持,保持,有效n.控制,保留"
holler,"vi.叫喊,说怨言,抱怨,发牢骚vt.大声叫喊n.叫喊"
hollow,"n.洞,窟窿,山谷adj.空的,虚伪的,空腹的,凹的adv.<口>彻底vi.形成空洞vt.挖空,弄凹"
holystone,"n.[海](木)甲板,磨石vi.用磨石磨,(木)甲板"
homogenize,vi.均质化vt.使均匀
honeyfuggle,vi.<美俚><忌>骗奸未成年少女
honeymoon,n.蜜月vi.度蜜月v.度蜜月
hoot,"n.猫头鹰的叫声,汽车喇叭声,表不满或轻蔑的叫嚣,嘲骂声,鸣响vi.大声叫嚣,鸣响,猫头鹰叫vt.呵斥,轰赶"
hoover,n.胡佛电动吸尘器vi.胡佛电动吸尘
hooverize,<口>vt.节约(粮食等) ;vi.(在粮食等方面)厉行节约
horse,"n.马,[总称]骑兵,脚架,马力vi.骑马,作弄人vt.使骑马,系马于"
house,"n.房子,住宅,库房,机构,家庭,家族,议院,剧场vt.给...房子住,收藏,覆盖vi.住,躲藏(up)"
housekeep,"vi.自立门户,主持家务"
huff,"vt.把...吹胀,激怒,发怒vi.吹气,恫吓,发怒n.发怒,提高价格"
humanize,"vt.赋予人性,使通人情,教化vi.变为有人性,变为有情,有教化"
humph,int.哼vi.发哼声
hunch,"n.圆形之隆起物,肉峰,预感,大块vt.弯腰驼背,弓起背部,耸肩vi.向前移动,隆起"
hunker,"vi.盘坐n.守旧者(首字母要大写,即Hunker)"
hurl,"n.<俚>[棒球]用力或猛烈的投掷vt.用力投掷,愤慨地说出,丢下,推翻vi.猛投,猛掷"
hustle,"n.急速活动,挤,推,拥挤喧嚷vt.驱赶,驱逐,乱挤,硬逼(某人)买或做事,强夺vi.硬挤过去"
hydrolyze,vi.水解
hyperbolize,"vi.运用夸张法,夸张vt.用夸张法表达 对...大肆夸张"
ice,"n.冰冻食品vt.冰冻,覆以冰vi.结冰 [军] Intenal Combustion Engine,内燃机"
ideate,"vi.形成概念,想象,设想vt.对...有印象"
idle,"adj.空闲的,懒惰的,停顿的,无用的,无价值的vi.不做事,游手好闲,(机器)空转,虚度,闲散,不作事,游手好闲,浪费vt.虚度,使空闲,使空转"
idolize,"vt.极端崇拜,偶像化,醉心于vi.崇拜偶像"
illuminate,"vt.照明,照亮,阐明,说明,使灿烂,以灯火装饰(街道等)vi.照亮"
illustrate,"vt.举例说明,图解,加插图于,阐明vi.举例"
immerge,"vi.浸入,浸没,隐没,埋头"
immigrate,vt.使移居入境vi.移来
impend,"vi.进行威胁,即将发生"
implead,vt.控告vi.起诉
implode,"vi.向内破裂,爆炸"
import,"n.进口货(常用复数),进口,输入,意思,重要性vt.输入,进口,含...的意思,重要,引入vi.有关系,有重要性"
impose,"vt.征税,强加,以...欺骗vi.利用,欺骗,施影响"
incandesce,vt.使白热化vi.白热化
incept,"vt.起始,摄取,接收vi.<英>(尤指在剑桥大学) 获得学位"
incinerate,"vi.把...烧成灰,烧弃"
incline,"n.倾斜,斜坡,斜面vt.使倾向于,使倾斜vi.倾向,倾斜"
incorporate,"adj.合并的,结社的,一体化的vt.合并,使组成公司,具体表现vi.合并,混合,组成公司vt.[律]结社,使成为法人组织"
increase,"n.增加,增大,增长vt.增加,加大vi.增加,繁殖"
indent,"n.缩进,契约,订货单,凹痕vi.切割成锯齿状vt.(印刷,书写)缩排,定货,印凹痕"
index,"n.索引,[数学]指数,指标,(刻度盘上)指针vt.编入索引中,指出vi.做索引"
indigest,"<古><罕>vt.不能消化,不消化;vi.不被消化,不消化"
industrialize,vt.使工业化vi.工业化
indwell,vt.存在于vi.存在
infanticipate,vi.<主美>待产
inflate,"vt.使膨胀,使得意,使(通货)膨胀,使充气vi.充气,膨胀"
inflect,"vt.弯曲,使屈曲,改变,[语法]变化词尾或变形vi.发生弯曲变化"
infuse,"vt.灌输,注入,沏或泡(茶、药等),浸渍,鼓舞vi.泡,注"
inhale,vt.吸入vi.吸气
inn,"n.(尤指乡村或公路边的) 旅馆,客栈vi.住旅馆"
innuendo,"n.暗讽(的话),影射(的话)vi.影射vt.旁敲侧击地表达,暗示"
inosculate,"vi.吻合,连合,连接,密切结合,融合vt.使(血管等)吻合,使连接"
inpour,"vi.流进,流入"
inspan,"vt.<南非>套轭于,套牛马于车vi.把牲口套于车上"
inspire,"vt.吸(气),鼓舞,感动,激发,启示,使生灵感,产生vi.吸入,赋予灵感"
intensify,vt.加强vi.强化
interact,"vi.互相作用,互相影响"
intercommunicate,"vi. 相互交往, 互相联络, 交际"
intercut,vt.使镜头交切vi.作镜头交切
interdepend,vi.互相依赖
interdigitate,"vi.(如双手十指叉握似地) 相间错杂,互相交叉"
interdine,"vi.(和不同种姓、等级、宗族的人)同桌吃饭,同席就餐"
interfere,"vi.干涉,干预,妨碍,打扰"
interfinger,"vi.[地]相互贯穿,互相楔接"
intergrade,"vi.逐渐合一n.过渡阶级,中间等级"
interlace,"vt.使交织,使交错vi.交错,交织 交错,隔行扫描"
intermarry,"vi.通婚,近亲结婚"
intermeddle,"vi.干涉,管闲事"
intern,"n.实习医师,被拘留者vi.作实习医师vt.拘留"
interpenetrate,vt.渗透vi.互相贯通
interrupt,"vt.打断(正在说话或动作的人),中断,妨碍,插嘴vi.打断(别人的讲话或行动)n.(发给电脑的)中断信号"
intersect,"vt.横断vi.(直线)相交,交叉"
intervene,"vi.干涉,干预,插入,介入,(指时间)介于其间v.干涉"
intrigue,"n.阴谋,诡计vi.密谋,私通vt.激起...的兴趣,用诡计取得"
introgress,"vi.[生]基因渗入,种质渗入"
intrude,"vi.闯入,侵入vt.强挤入,把(自己的思想)强加于人"
intumesce,"vi.(因受热等)膨胀,肿大,隆起,沸腾"
inure,vt.使习惯vi.生效
inveigh,"vi.猛烈抨击,痛骂,漫骂"
invigilate,"vi.看守,监考"
involute,"adj.纷乱的,复杂的n.渐开线vi.恢复原状,消失"
ionize,vt.使离子化vi.电离
iron,"n.铁,熨斗,坚强,烙铁,镣铐vt.烫平,熨,用铁装备vi.烫衣服"
ironize,"vt.冷嘲,挖苦,使具讽刺意味vi.冷嘲,挖苦"
irrigate,"vt.灌溉,修水利,冲洗伤口,使潮湿vi.进行灌溉"
irrupt,vi.突然冲入
isle,"n.小岛,岛vt.使成为岛屿vi.住在岛屿上"
issue,"n.出版,发行,(报刊等)期、号,论点,问题,结果,(水,血等的)流出vi.发行,流出,造成...结果,进行辩护,传下vt.使流出,放出,发行(钞票等),发布(命令),出版(书等)发给 [律]子女,后嗣"
itch,"n.发痒,渴望,[医]疥疮(尤指发痒的)vi.发痒,渴望"
jackaroo,"n.无经验者,实习,新手vi.当新手,实习"
jacklight,n.照明灯vi.用照明灯渔猎
jag,"n.尖齿,一部分,狂欢vt.使成缺口,使成锯齿状vi.刺,戳,颠簸的移动"
jam,"n.果酱,拥挤,堵塞,困境vt.挤进,使塞满,混杂,压碎,使堵塞vi.堵塞,轧住,拥挤"
jank,"vi.<美军俚>(为躲避地面高射炮火而)同时改变飞行高度和方向,闪避"
jar,"n.震动,刺耳声,震惊,争吵,罐,广口瓶vi.震惊,冲突,发刺耳声,不一致vt.震动,刺激"
jaunce,"vi.<古>策马腾跃,跃马前进"
jaunt,"n.远足,短途旅游vi.远足,短途旅游"
jaywalk,vi.擅自穿越马路
jazz,"n.(20世纪产生于美国的一种舞曲性音乐)爵士乐,喧闹adj.爵士乐的,喧吵的,颜色过于艳丽的vi.奏爵士乐,跳爵士舞,游荡vt.奏爵士乐,使活泼"
jerk,"n.性情古怪的人,急推,猛拉,肌肉抽搐,(生理)反射,牛肉干vi.痉挛,急拉,颠簸地行进vt.猛拉"
jest,"n.笑话,俏皮话vi.嘲笑,开玩笑vt.嘲笑"
jib,"n.船首三角帆,起重机的臂,挺杆vi.移转,踌躇不前,停止不动"
jibe,"vi.嘲笑,与...一致,使转向vt.嘲笑n.嘲笑"
jink,"vi.闪身,急转,逃走"
jitter,"vi.<美口>紧张不安,战战兢兢"
jive,"n.摇摆乐,隐语,摇摆舞vi.跳摇摆舞,哄骗adj.假的"
job,"n.工作,零活,<口>职位,事情,<圣经>约伯,极有耐心的人vi.做零工,打杂,做股票经纪,假公济私vt.代客买卖(股票,货物等),批发,承包,欺骗"
join,"vi.参加,结合,加入vt.连接,结合,参加,加入n.连接,结合,接合点 [计] 用子目录名取代驱动器符"
joint,"n.接缝,接合处,接合点,关节,(牛、羊等的腿)大块肉adj.共同的,联合的,连接的,合办的vt.连接,接合,使有接头vi.贴合,生节"
jollify,"vt.使快乐,使高兴vi.快乐,高兴"
joypop,<美俚>vi.逢场作戏吸毒;偶在皮下注射毒品
jubilize,vi.<古>欢庆
judder,"n.急剧的变化,颤抖vi.颤抖"
jug,"n.水壶,监牢,[象声]模仿夜莺的叫声vt.放入壶中,炖,关押vi.模仿夜莺叫"
juggle,"vi.玩戏法,诓骗,篡改vt.耍弄,歪曲,篡改n.玩戏法,魔术,欺骗"
jump,"n.跳跃,上涨,惊跳vt.跳跃,跃过,突升,使跳跃vi.跳跃,暴涨"
keck,"vi.[象声]干呕,作呕,极为讨厌"
keel,"n.龙骨(船的脊骨),平底船vt.装以龙骨,使倾覆vi.倾覆"
keep,"n.保持,保养,生计,监狱,[史]要塞vt.保持,保存,遵守,经营,看守,拘留,维持,记(日记,帐等)vi.保持,继续不断"
kennel,"n.狗窝,狗屋,阴沟vt.置于狗窝,宿于狗舍vi.进狗窝"
key,"n.钥匙,关键,解答,(打字机等的)键,调子,对译本,(开钟表、发条的)栓,要害vt.调节...的音调,锁上,插上栓,提供线索vi.使用钥匙n.[乐]键,调,基调"
keypunch,vi.用打孔机打孔
kibitz,"vi.乱出主意,多管闲事"
kilt,n.苏格兰方格呢短裙vt.撩起vi.轻捷地移动
kindle,"vt.点燃,使着火,引起,照亮vi.着火,煽动,激起,发亮"
king,"n.国王,君主,(部落的)首领,纸牌中的Kvt.立...为王vi.做国王,统治"
kiss,"n.吻,(风,浪等)拂vt.吻,轻拂vi.接吻"
kite,"n.风筝,(微风时使用的)高而轻的帆,<俚>[商]空头支票,试探性行动vi.象风筝一样飞,轻快地移动,使用空头支票vt.使上升,骗钱"
kneel,vi.跪下
knob,"n.(门,抽屉等的)球形捏手,节,瘤,旋钮,球形突出物,(煤,砂糖等的)小块vt.使有球形突出物vi.鼓起"
kowtow,n.<汉>磕头vi.叩头
kvell,vi.<美俚>吹牛 扬扬得意:
kvetch,"vi.<美俚> 强求,督促,经常性地发牢骚,抱怨n.<美俚> 催逼的人,吹毛求疵的人,老找碴的人"
labor,"n.劳动,努力,工作,劳工,分娩,阵痛vi.劳动,努力争取(for),苦干vt.详细分析,麻烦"
lace,"n.饰带,花边,缎带,鞋带vt.扎带子,扎,饰以花边vi.缚带子"
lack,"n.缺乏,短缺的东西vt.缺乏,没有,需要vi.缺乏,没有"
ladder,"n.梯子,阶梯vi.袜子抽丝,装设梯子"
lade,"vt.装载(货物),装(船)vi.(用勺子)舀出"
lag,"n.落后,囚犯,迟延,桶板,防护套adj.最后的vi.缓缓而行,滞后vt.落后于,押往监狱,加上外套"
lame,"adj.跛足的,僵痛的,不完全的,金属薄片,不知内情的人,(辩解、论据等)无说服力的vi.变跛,瘸行vt.使成残废"
lament,"n.悲伤,哀悼,恸哭,挽诗,悼词vt.哀悼vi.悔恨,悲叹"
land,"n.陆地,(书面语)国家、国土,地带,[复数]地产,田产vi.靠岸,登陆,登岸,到达vt.使上岸,使登陆,使到达,使处于"
languish,"vi.憔悴,凋萎,衰退,苦思"
lap,"n.(坐时的)大腿前部,膝盖,舔声,(水)溅泼声,重叠的部分,(跑道的)一圈,衣兜,下摆vi.重叠,围住,轻拍,舔vt.包围,抱...在膝上,使重叠,舔食,泼溅,拍打"
lark,"n.云雀,百灵鸟,灰黄色,诗人,嬉戏,玩乐vi.嬉耍,戏弄,骑马玩乐vt.愚弄"
lase,vi.发出激光vt.以激光照射
lash,"n.鞭子,鞭打,睫毛,责骂,讽刺vt.鞭打,摆动,扎捆,冲击,煽动,讽刺vi.猛击,急速甩动"
last,"adj.最后的,临终的,末尾的,最近的,结论性的vi.持续,支持,维持vt.使维持,楦adv.最后,后来n.最后,末尾,临终,鞋楦头"
laugh,"vi.笑,讥笑n.笑,笑声"
launch,"n.下水,汽艇,发射,发行,投放市场vt.使(船)下水,掷(标枪等),发射(导弹、火箭等),开办,发动,发起vi.起飞,下水,投入,开始"
lay,"vt.放置,铺设,产(卵)提出,平息,布置vi.下蛋,打赌n.位置,层面,形势,短叙事诗adj.世俗的,外行的 vbl.lie的过去式"
laze,"vi.偷懒,混日子vt.消磨n.懒散,闲散"
lead,"vt.领导,引导,致使vi.领导,(道路等)通向,导致,用水砣测深n.领导,领先,导线,铅,(自船上测海水深度的)铅陲,石墨,铅笔芯"
leaf,"n.叶,树叶,(书的)一张(两叶),页vi.生叶,翻书页vt.翻...的页"
leak,"n.漏洞,漏出,漏出物,泄漏,<俚>撒尿vi.漏,泄漏vt.使渗漏"
lean,"n.倾斜,倾斜度,倚靠,倾向adj.瘦的,贫乏的,歉收的vi.倚靠,倾斜,依赖,倾向,偏向vt.使倾斜"
leapfrog,"n.跳背游戏(分开两腿从背弯站立者身上跳过),[军](两支部队)交互跃进,竞相提高vi.跳背,交替前进vt.跃过"
learn,"vi.学习,听到,获悉vt.学习,学会,认识到"
leave,"n.许可,同意,请假,休假vt.离开,动身,剩下,遗忘,委托,遗弃vi.出发,离开,生叶,动身"
lech,"vi.好色,纵欲n.肉欲,好色的人adj.好色的"
lecher,"n.好色之徒,纵欲的人,私通者vi.纵欲"
lecture,"n.演讲,讲稿,谴责,教训vt.演讲,训诫,说教vi.讲演"
leech,"n.水蛭,吸血鬼,榨取他人利益的人vt.(为治疗)以水蛭吸血vi.依附并榨取他人"
leer,"n.淫荡的目光,恶意的目光vi.送秋波,斜视"
leg,"n.腿,胫,旅程的一段vi.走,跑"
legislate,vi.制定法律vt.通过立法
let,"vt.假设,出租,允许,排放,让...进入(或通过),妨碍vi.出租,(工程等)被承包n.出租屋,障碍"
letter,"n.文字,字母,信函,字面意义,铅字,(pl.)证书,(pl.)文学,学问vt.用字母标明,在...上刻(或题)字vi.写印刷体字母"
levant,"vi.<主英>躲债,逃赌债 Levant 累范特,地中海东部地区"
level,"n.水平,水平面,水准,标准,级别adj.同高的,平坦的,齐平的,水平的vt.使...水平,夷平,使同等,瞄准,对准vi.变平,拉平"
levelpeg,vi.<英口>(比赛或竞争双方)保持势均力敌
liaise,"vi.保持联络,担任联络官"
lick,"n.舔,少许,打vt.舔,卷过,鞭打,克服,征服vi.轻轻拍打"
lie,"vi.躺,平放,展现,展开,位于v.说谎,躺n.谎话,谎言"
lift,"n.举起,电梯,起重机,搭车vt.升高,提高,举起,空运vi.升起,(指雾等)消散,耸立"
lig,"vi.<口>闲逛[方言,lie的变体]"
light,"n.光,日光,发光体,灯adj.轻的,发光的,明亮的,浅的vt.点燃,照亮adv.轻地vi.点着,变亮"
like,"n.爱好,同样的人(或物)adj.相似的,同样的vt.喜欢,希望,愿意vi.喜欢,希望 prep.象,如同adv.可能"
limp,"adj.柔软的,易曲的vi.跛行"
lindy,n.林迪舞(20世纪30和40年代美国流行的一种黑人舞蹈)vi.跳林迪舞
line,"n.绳,索,线路,航线,诗句vt.排成一行,顺...排列,划线于,使有线条,使起皱纹vi.排队"
link,"n.链环,连结物,火把,链接vt.连结,联合,挽vi.连接起来"
lionize,"vt.把...奉为名人,游览...名胜vi.游览名胜"
lippen,"vi.相信,依靠vt.信托"
liquesce,"vi.变成液体,液化"
liquor,"n.液体,汁,酒精饮料,[药]溶液vt.浸水vi.喝酒"
list,"n.目录,名单,列表,序列,数据清单,明细表,条纹,[总称]各种上市证券vt.列出,列于表上,记入名单内,装布条vi.列于表上"
listen,"vi.听,听从v.听,收听"
litter,"n.垃圾,(供动物睡眠或防冻用的)干草、树叶,(一)窝,轿,担架vt.乱丢,铺草,弄乱vi.产仔,乱丢垃圾"
live,"adj.活的,生动的,精力充沛的,实况转播的,点燃的vi.活着,生活,居住,流在人们记忆中vt.过着,度过,经历adv.以实况地"
load,"n.负荷,重担,装载量,工作量,负载,加载vt.装载,装填,使担负vi.装货,装弹药,装料"
lob,"vt.打缓慢的球vi.蹒跚地走n.<英方> 笨重的人,[网球]高球"
lobby,"n.大厅,休息室,<美>游说议员者vi.游说议员,经常出入休息室vt.对(议员)进行疏通"
lobtail,vi.(鲸)用尾叶拍打水面
locarnize,vi.用和解办法解决争端
lodge,"n.门房,(猎人住的)山林小屋,(游览区的)旅馆,(地方社团的)集会处vi.临时住宿,寄宿(某人家)vt.容纳,寄存,把...射入,存放,(向有关当局)提出(声明)"
logroll,"vi.滚木材,互相捧场vt.互投赞成票使通过"
lollop,vi.懒散地闲荡
long,"adj.长的,长期的,做多头的,高的vi.渴望,热望adv.长期地,始终n.长时间,(市场上)做多头的人,[语音]长音节"
look,"n.看,注视,脸色,面容,外表vi.看,注意,朝着,好象,显得vt.打量,注视,用眼神(或脸色)表示,期待"
loop,"n.环,线(绳)圈,弯曲部分,回路,回线,(铁路)让车道,(飞机)翻圈飞行vt.使成环,以圈结,以环连结vi.打环,翻筋斗n.循环"
loose,"n.解放,放任,放纵adj.宽松的,不精确的,不牢固的,散漫的,自由的vt.释放,放枪,开船vi.变松,开火adv.松散地"
lop,"vt.修剪,砍伐,斩vi.下垂,闲荡adj.垂下的n.砍下的部分,垂耳兔"
lord,"n.封建领主,地主,统治者,[宗]上帝vi.称王称霸,作威作福vt.使成贵族"
lorryhop,vi.<英>沿途免费搭乘卡车旅行
lose,"vt.遗失,浪费,错过,输去,使失去,使迷路,使沉溺于vi.受损失,失败"
lot,"n.签,抽签,一堆,许多,命运,一块地,份额vt.划分vi.抽签,抓阄"
lounge,"n.闲逛,休闲室,长沙发vi.闲荡,懒洋洋地躺卧vt.虚度光阴"
lout,n.笨人vt.愚弄vi.鞠躬
love,"n.爱,热爱,爱情,爱好,性爱,情人,零vt.爱,热爱,爱好,爱慕vi.爱"
low,"n.低,低价,牛叫声adj.低的,浅的,消沉的,微弱的,粗俗的,卑贱的,体质弱的adv.低下地,谦卑地,低声地,低价地vi.牛叫"
lower,"adj.较低的,下级的,下等的,下游的vi.降低,跌落,减弱vt.放下,降下,减弱,贬低"
lucubrate,"vi.(在灯下)用功,深入研究,专心著作"
luge,n.竞赛用的小型撬vi.坐小橇内滑雪
lull,"n.暂停,麻痹vt.使平静,哄骗,使安静vi.变平静"
lumber,"n.<美>木材,无用的杂物(如破旧家俱),废物,隆隆声vt.砍伐木材,乱堆vi.伐木,喧闹地向前走,笨重地行动"
lump,"n.块(尤指小块),肿块,笨人vt.使成块状,混在一起,忍耐,笨重地移动vi.结块"
lurch,"n.突然倾斜,挫折,举步蹒跚,徘徊,困境vi.惨败,倾斜,徘徊vt.击败"
lurk,"n.潜伏,埋伏vi.潜藏,潜伏,埋伏"
lust,"n.活力,繁殖力,强烈的性欲vi.强烈欲望,渴望,引起性冲动"
luster,"n.光彩,光泽vi.有光泽,发亮vt.使有光泽"
luxuriate,"vi.茂盛的生长,生活奢侈,沉溺"
maffick,vi.<主英>狂欢庆祝
magnetize,"vt.使磁化,吸引vi.受磁"
magnify,"vt.放大,扩大,赞美,夸大,夸张vi.有放大能力"
mainstreet,vi.<美> <加拿大> 在大街上进行竞选活动
major,"n.<美>[教]主修课,[律]成年人,[乐]大调adj.主修的,成年的,大调的vi.主修"
make,"vt.制造,安排,使成为,认为,产生,获得,进行,构成vi.开始,前进,增大,被制造,被处理n.制造,构造,性情"
malinger,vi.装病
mambo,"n.曼博,曼博音乐(源于古巴黑人音乐)vi.跳曼博"
manage,"vi.处理,应付过去vt.管理,控制,操纵,维持,运用,搞成,设法,达成"
manent,vi.(他们)留在台上(用作舞台指示语)
manet,vi.(他或她)留在台上(用作舞台指示语)
manifest,"n.载货单,旅客名单adj.显然的,明白的vi.出现vt.表明,证明"
march,"n.行军,步伐,进行曲vi.进军,前进vt.使行军,使行进n.(March)三月(略作Mar)"
marconi,n.无线电报vi.打无线电报
mark,"n.标志,分数,痕迹,记号vt.做标记于,打分数,标志vi.作记号 Mark 马克(男子名)"
market,"n.市场,销路,行情vt.在市场上交易,使上市vi.在市场上买卖"
marshal,"n.元帅,典礼官,执行官,司仪官vt.整顿,配置,汇集vi.排列,集合"
marv,[军]n.机动重返大气层分弹头导弹 ;vi.装备机动重返大气层分弹头导弹
mascara,n.染眉毛油vi.涂染眉毛油
mase,"vi.[物]激射微波,产生并放大微波"
mask,"n.面具,掩饰,石膏面像vt.戴面具,掩饰,使模糊vi.化装,戴面具,掩饰,参加化装舞会"
mass,"n.块,大多数,质量,群众,大量adj.群众的,大规模的,集中的vt.使集合vi.聚集"
mate,"n.配偶,对手,助手vt.使配对,使一致,结伴vi.成配偶,紧密配合"
matter,"n.事件,问题,物质,内容,实质,原因,(印刷或书写的)文件,(文章或讲话等的)素材vi.有关系,要紧"
mature,"adj.成熟的,到期的,充分考虑的,(票据等)到期的vt.使成熟vi.成熟,到期"
maunder,"vi.唠叨地讲,徘徊"
maverick,n.没打烙印的动物vi.闹独立的人
meal,"n.一餐,一顿饭,膳食,(谷类的)粗粉vi.进餐"
mean,"adj.低劣的,卑鄙的,普通的,吝啬的,简陋的,平均的,惭愧的,不舒服的vt.意谓,想要,预定vi.用意,有意义n.平均数,中间,中庸"
measure,"n.尺寸,量度器,量度标准,方法,测量,措施vt.测量,测度,估量,分派,权衡,调节vi.量"
meet,"n.会,集会adj.适宜的,合适的vt.遇见,(迎)接,与(某人目光)相遇,(赴约)和...会面,(经介绍)与...相识,对付vi.相遇,接触"
mellow,"adj.(因熟透而)醇香的、甘美的,(颜色)柔美的,(声音)圆润的,成熟的,老练的vt.&vi.使(变)醇香,使(变)柔美,使成熟"
mend,"n.改进,改良,补丁,修理部分,好转vt.修改,改进,加快,修理,修补vi.好转,改善,改正"
menstruate,"vi.[生理]月经,月经期间"
meow,n.猫叫声vi.猫叫
meseems,vi.我以为
mesh,"n.网孔,网丝,网眼,圈套,陷阱,[机]啮合vt.以网捕捉,啮合,编织vi.落网,相啮合"
message,"n.消息,通讯,讯息,音讯,差使,广告词,预言,教训vt.通知vi.带信息"
metaphorize,"vi.使用隐喻,用隐喻讲话 vt.将...比作(into)"
metaphysicize,vi.形而上学地思考(或写作等) vt.形而上学地处理(问题等)
metastasize,vi.转移
methinks,"vi.<古>(无人称动词)我想,我以为,据我看来"
mew,"n.厩舍,海鸥vi.换羽毛n.鹰笼,巢,隐匿处vt.把...关进笼子"
mewl,vi.啜泣
miaow,n.猫的叫声vi.猫叫
micturate,vi.排尿
miff,"n.发脾气,微怒,无谓的争吵vt.使恼怒vi.恼羞成怒"
migrate,"vi.移动,移往,移植,随季节而移居,(鸟类的)迁徙vt.使移居,使移植"
mildew,"n.霉,霉菌,(植物的)霉病vi.发霉,生霉vt.使发霉"
militate,vi.产生作用或影响
mill,"n.压榨机,磨坊,磨粉机,工厂,制造厂vt.碾磨,磨细,搅拌,使乱转,打vi.乱转,被碾磨"
mind,"n.头脑,智力,精神,意见,情绪vi.介意,照顾,留心vt.注意,留意,专心于,照看,介意"
mine,"n.矿,矿山,矿井,源泉,宝库,地雷,水雷vt.挖掘,开采,在...布雷,破坏vi.开矿,埋设地雷 pron.我的"
mineralize,"vt.使矿物化,使含无机化合物vi.采集矿物"
minor,"n.未成年人,副修科目adj.较小的,次要的,二流的,未成年的vi.辅修n.[乐]小调,小音阶"
misally,"vi.作不相称的结合,使不匹配的联姻"
misanthropize,"vi.厌恶人类,憎恨世人,遁世"
miscalculate,vt.误算vi.算错
miscarry,"vi.失败,被误送,[医]流产"
misfit,"n.不称职的人,不适合的东西vt.与...不相称vi.不适合,不相称"
misgive,vi.疑虑vt.使怀疑
miskick,vi.&n.{足}{橄}踢出坏球
misrepresent,"vt.误传,不如实地叙述(或说明)vi.说假话"
miss,"n.过错,避免,失败,小姐,姑娘vt.未得到,未达到,未听到,思念,未觉察,错过,遗漏,逃脱vi.失败,击不中"
misthink,"<古>vi.想错,认为不好 ;vt.认为...不好"
mitch,vi.<方>逃学
mitose,vi.[生]发生有丝分裂
mizzle,n.蒙蒙细雨vi.下蒙蒙细雨
moan,"n.呻吟,哀悼,呼啸vi.发出呻吟声,抱怨,哀悼vt.呻吟"
mog,vi.撤走
moil,"vi.辛苦工作,作苦工n.辛苦的工作,混乱,骚动"
moisher,"vi.<俚>闲荡,溜达"
moisten,vt.弄湿vi.变潮湿
moisturize,"vi.变潮湿,增加水分vt.使增加水分"
molder,"vi.腐朽,崩溃,分裂vt.使腐朽n.铸工,制模工"
monachize,vi.成为僧侣vt.使成为僧侣
monologize,"vi.发表长篇大论,[戏]独白,表演独角戏"
monologuize,vi.=monologize
mooch,"vi.流浪,缓行vt.偷,偷偷拿走"
moralize,"vt.从道德上解释,教化vi.说教,论道德"
mortify,"vt.克服,苦修,使苦恼vi.制欲,苦行,坏死"
mosey,"vi.漫步,徘徊,匆匆离去"
mouch,"vi.(=mooch)蹒跚地走,偷"
moulder,"n.制模工,铸工vi.腐朽,崩溃,分裂"
mound,"n.土墩,护堤,垛vt.筑堤,堆起vi.积成堆,隆起"
mount,"n.乘用马,衬纸,山,装配vi.乘马,爬上,增长vt.爬上,使上马,装上,设置,安放,制作...的标本,上演"
move,"n.移动,迁居,步骤vt.移动,感动,鼓动vi.移动,离开,运行,迁移,搬家"
muck,"n.粪肥,垃圾,肥料vt.施肥,弄脏,捣乱,搞坏vi.鬼混"
muddle,"vt.混合,使微醉,使咬字不清晰,鬼混vi.胡乱对付n.困惑,混浊状态,糊涂"
mull,"n.漂白细软薄布,混乱vt.研磨,深思vi.温热"
mum,"n.[植](=chrysanthemum)菊花,沉默adj.沉默的vi.演哑剧int.别说话!"
mumm,vi.=mum
mummify,"vi.成木乃伊状,干瘪vt.使干瘪,使成木乃伊"
mump,"vi.喃喃的说,乞求,欺骗"
mush,"n.软块,多情,碎冰vt.压碎vi.控制器失灵,作长途旅行int.走!"
mushroom,"n.蘑菇,<古>暴发户vi.迅速生长,迅速增加,采蘑菇adj.蘑菇形的,迅速生长的"
mute,"n.哑巴,哑音字母,[律]拒不答辩的被告,弱音器adj.哑的,无声的,沉默的vt.减弱...的声音vi.排泄"
mysticize,"vt.使神秘化,给予...神秘意义 vi.就神秘性主题演讲(或写文章)"
mythologize,"vt.讲神话,编神话vi.写神话,给神话分类"
mythopoetize,"vi.创作神话,创作神话诗"
nap,"n.(白天)小睡,打盹,细毛,孤注一掷;vi.小睡,疏忽;vt.使拉毛,修整,预测...为获胜马;Nationa Attachment Point,国家附属站点"
narcotize,"vt.麻醉,使昏迷vi.起麻醉作用"
narrow,"n.狭窄部分,海峡,隘路adj.狭窄的,精密的,严密的,有限的,气量小的,勉强的,眼光短浅的vi.变窄vt.使变狭窄,使缩小"
nasalize,vi.用鼻音发声vt.使鼻音化
natter,"vi.唠叨,瞎扯"
nauseate,"vi.作呕,产生恶感,厌恶vt.使厌恶,使恶心,使作呕"
navigate,"vi.航行,航海,航空vt.航行于,驾驶,操纵,使通过"
neap,"adj.小潮的,最低潮的n.小潮,最低潮vi.渐趋向小潮,达小潮的最高点vt.使(船)因小潮受阻"
necrotize,[医]vi.(组织、器官等)坏死;vt.使(组织、器官等)坏死
neeze,vi.<英> =sneeze
neigh,n.马嘶声vi.马嘶
neologize,"vi.创造或使用新语,采用新教义"
nerf,vi.<美俚>(把汽车拆卸减重后举行的短程高速驾驶比赛中) 冲撞别的汽车
nest,"n.巢,窝,休息所,隐匿处,舒适的地方,(可以一个套一个的)一套器具vi.筑巢,找鸟巢vt.造巢,使套入"
nestle,"vi.舒适地坐定,偎依vt.抱,安置"
net,"n.网,网络,网状物,净利,实价adj.净余的,纯粹的vt.用网捕,净赚,得到vi.编网 [域] Nerwork operations and service centers,网络服务商"
nick,"n.刻痕,缺口vt.刻痕于,挑毛病vi.阻击"
nicker,"vi.嘶,闷笑n.马嘶,闷笑"
nictate,"vi.(鸟,哺乳动物等)眨眼,瞬目"
nictitate,vi.眨眼
nidificate,vi.筑巢
niff,"n.臭气,恶臭vi.有恶臭"
niggerize,"vt.使黑人化,轻蔑地对待(黑人) vi.像黑人一样行事,打扮成黑人"
niggle,"vi.为琐事费心,拘泥小节vt.小气地给..."
nim,"vt.偷,窃,扒,拿取,夺取vi.偷窃"
nip,"n.捏,夹,(寒冷等)刺骨,小饮vt.捏,夹,冻伤,剪断,阻止vi.夹,捏,刺骨,小饮,(口语)急忙adj.<贬>日本佬的"
nonconcur,vi.拒绝 不能同意
nonconform,"vi.不遵照准则(或规范),不信奉国教"
object,"n.物体,目标,宾语,对象vi.反对,拒绝,抗议vt.提出...来反对"
obnounce,vi.(古罗马时)告知不吉预兆
obtrude,"vt.强迫,冲出vi.打扰"
occur,"vi.发生,出现"
offer,"n.出价,提议,意图vt.提供,出价,贡献,使出现,企图,演出vi.(机会、时机等)出现,献祭,提议"
offset,"n.偏移量,抵销,弥补,分支,平版印刷,胶印vt.弥补,抵销,用平版印刷vi.偏移,形成分支"
ogle,"n.媚眼,送秋波,眉目传情vt.注视vi.抛媚眼,送秋波"
opalesce,vi.发出乳白色光
open,"n.公开,户外,空旷adj.开着的,敞开的,(车等)无篷的,开阔的,营业着的,公开的,坦率的,未决定的vt.打开,公开,开放vi.展开,开始,展现"
oppose,"vt.反对,使对立,使对抗,抗争vi.反对"
opt,vi.选择
optate,"vi.选择,作出抉择"
orate,"vi.演说,大言不惭的演说"
oratorize,vi.演讲 高谈阔论
orb,"n.球,天体,圆形物vt.弄圆,成球形,围着,vi.<古>沿着轨道移动"
orbit,"n.轨道,势力范围,生活常规,眼眶vt.绕...轨道而行vi.进入轨道,沿轨道飞行,盘旋"
ordain,"vt.注定,规定,任命(牧师)vi.颁布命令"
organize,"vt.组织,使有机化,给予生机vi.组织起来"
orient,"n.东方,东方诸国(指地中海以东各国)adj.东方的,上升的,灿烂的vi.适应形势,向东vt.使朝东,使适应,确定方向"
orienteer,vi.进行定向赛跑:
originate,"vt.引起,发明,发起,创办vi.起源,发生"
osculate,"vt.接吻,接触vi.有共同点"
ossify,"vt.使骨化,使硬化vi.骨化,硬化,变得无情"
out,"adj.外面的,下台的,出局的adv.在外,出声地,显露出来地,明显地,从头至尾地n.外面,外出,外观vt.赶出,击倒,使退场vi.外出,暴露 prep.通过"
outblaze,"vi.发光芒,迸发热情vt.亮光超过"
outfit,"n.用具,配备,机构,全套装配,vt.配备,装备vi.得到装备"
outgush,"vi.涌出,喷出"
outmarry,vt.使(自己)在婚姻上高攀 vi.族外结亲
outshine,"vt.比...更亮,使相形见绌,胜过vi.放光,照耀"
outwell,vi.涌出 喷出
overabound,"vi.过量存在,过于富足(或充足)"
overarch,vt.在...上做拱形vi.成拱形
overbid,"vt.出价高与(别人),(桥牌上)叫牌超过(别人)vi.过高出价n.过高的出价,过高的叫牌"
overbrim,"vi.溢出,满出vt.使满出"
overcast,"n.覆盖,多云的天adj.阴天的,阴暗的,愁闷的,忧郁的vt.使阴暗vi.阴暗起来"
overcloud,"vt.使阴暗,使布满乌云vi.使阴暗,使忧郁"
overcome,"vt.战胜,克服,胜过,征服vi.得胜"
overdare,"vi.行事过于胆大 vt.使灰心,使失去勇气,使气馁"
overdo,"vt.做得过分,过度,夸张,做作,使过火vi.过火"
overdub,vt.把(录音)配到原带上 vi.原带配音
overeat,vt.使吃过量vi.吃得过多
overfeed,vt.给吃得过多vi.吃得太多
overgorge,vt.(狼吞虎咽地)吃...过多 vi.(狼吞虎咽地) 吃得过多
overgraze,vt.在(土地等)上实行过度放牧 vi.过度放牧
overgrow,"vt.长满,长得超过vi.长满,长得过大"
overheat,vt.使过热vi.变得过热
overindulge,vi.溺爱vt.过度放纵
overlive,"vt.活得比...长vi.活得过长,继续活下去"
overpay,vt.多付(钱财)vi.付得过多
overprescribe,vi.处方过量 vt.开(药)过量
overreach,"vt.走过头vi.延伸过远,(马)以后蹄踢前蹄"
overrefine,vt.过分详细分类vi.过度精制
overrespond,vi.反应过火
overrun,"n.泛滥成灾,超出限度vt.蹂躏,超过,泛滥vi.泛滥,蔓延"
oversail,[建]vt.用连续突腰层结构屋顶覆盖 ;vi.挑出
oversell,"vt.销售过多,卖空vi.卖空,吹嘘过度"
overset,"vt.打翻,颠覆,推翻,为...排版过密vi.打翻,排版过密"
overshoot,"vt.打过头,飞过目标vi.射击越标,行动过火"
oversing,vi.唱得太响 做作地唱
overspeculate,vi.投机过度
overspend,"vt.超支,花费超出vi.超支"
overstrain,"vt.使过度紧张,使工作过度vi.过度紧张n.过度紧张,过劳"
overswing,"vi.挥动弧度过大,摆动过大"
overtrade,vi.(企业)贸易过度
overturn,"n.倾覆,破灭,革命vt.推翻,颠倒vi.翻倒n.翻转,毁灭"
oviposit,vi.(昆虫)产卵
ovulate,vi.排卵
owe,"vt.欠(债等),受到...的思想,感激,把...归功于v.欠,应感激,应该把...归功于(to)vi.欠钱"
own,"adj.自己的,特有的,(不用所有格)嫡亲的,同胞的vt.拥有,自认,承认vi.承认"
ozonize,"vt.以臭氧处理,使含臭氧vi.变成臭氧"
pace,"n.(一)步,速度,步调,步法,步态vi.踱步,缓慢的走vt.用步测,踱步于,(马)溜花蹄"
pack,"n.包裹,<贬>一群,一副,背包,包装vt.包装,捆扎,塞满,压紧,挑选vi.包装货物,挤,群集,被包装 背包"
paddle,"n.短桨,划桨,明轮翼vi.划桨,戏水,涉水vt.用桨划,搅,拌"
page,"n.页,记录,事件,专栏vt.标明...的页数,翻...的书页vi.翻书页"
pal,"n.<口>好朋友,伙伴,同志;vi.结为朋友;Phase Alternating Line,PAL制式(逐行倒相制式)"
palaver,"n.谈判,交涉,闲聊vi.谈话(谈废话),阿谀vt.阿谀,哄骗"
pale,"n.栅栏,界线,范围,(围篱用的)尖板条adj.苍白的,暗淡的,无力的vi.变苍白,失色vt.使变苍白,使失色,用栅栏围"
pall,"n.棺罩,幕,遮盖物vi.走味vt.覆盖,使平淡无味,使生厌,感到腻烦"
palter,"vi.含糊其词,敷衍了事,斤斤计较"
pamphleteer,n.小册子作者vi.写小册子
pamphletize,vi.写小册子vt.写有关...的小册子
pander,"vi.勾引,拉皮条n.拉皮条者,勾引者"
paralogize,vi.作谬误推论
parasail,"n.帆伞,滑翔伞vi.参加帆伞运动,驾帆伞滑翔"
parashoot,vi.射击入侵伞兵
parch,"vt.烤(干),烘(干)vi.烤干,焦干"
parleyvoo,"n.法国语,法国人vi.讲法国语"
part,"n.部分,局部,零件,角色vt.分开,分离,分配vi.分开,断裂,分手adv.部分地,有几分adj.部分的,局部的"
partake,"vt.分担,共享vi.共享,参与,带有"
partialize,"vt.使偏向一方,使偏心 vi.偏向一方,偏袒"
participate,"vi.参与,参加,分享,分担"
partner,"n.合伙人,股东,舞伴,伴侣vt.与...合伙,组成一对vi.做伙伴,当助手"
pass,"n.经过,关口,途径,护照,通行证,入场券,传球,及格vt.通过,审查通过,忽略,传递vi.经过,变化,流通,宣判,被忽略,终止,传递,不叫牌"
patter,"n.急速拍打声,轻快脚步声,行话,(魔术师或小丑的)喋喋快语,饶舌vi.急速地说,滴答地响,发出急速轻拍声,念经,念顺口溜,祷告vt.使发嗒嗒声,喋喋不休地说"
pattern,"n.模范,式样,模式,样品,格调,图案vt.模仿,仿造,以图案装饰vi.形成图案"
paulinize,[宗]vi.遵循圣保罗的教义 ;vt.将圣保罗教义灌输给(人们)
pause,"n.中止,暂停,休止符vi.暂停,中止,停顿,踌躇n.暂停"
peace,"n.和平,和睦,安宁,静寂vi.安静下来"
peach,"n.桃子,桃树,桃色,<美俚>受人喜欢的人(或物)vt.告发vi.告密"
peak,"n.山顶,顶点,帽舌,(记录的)最高峰adj.最高的vi.到达最高点,消瘦,缩小vt.使竖起,使达到最高点"
peal,"n.隆隆声,响亮的钟声,很响的铃声vt.使大声鸣响vi.隆隆地响"
peck,"n.啄痕,许多,配克(容量单位,等于2加仑)vt.啄食,扔vi.啄,吹毛求疵,啄食,扔石头v.<口>吃一点点"
pedantize,vi.卖弄学问 表现迂腐
peddle,"vi.挑卖,沿街叫卖vt.叫卖,散播"
pedestrianize,"vt.使(街道等)无车辆行驶,使成为行人专用区 vi.步行"
pee,n.小便 撒尿vi.小便 撒尿
peenge,"vi.<主苏格兰>发怨言,抱怨,发牢骚"
peep,"n.窥看,隐约看见vi.窥视,偷看"
peer,"n.同等的人,贵族vi.凝视,窥视vt.与...同等,封为贵族"
peg,"n.钉,栓,桩,销子,借口vt.钉木钉,固定,限制vi.坚持不懈地工作 Peg 佩格(女子名)"
pelt,"n.投掷,疾行,毛皮vt.剥...的皮,投掷,投击,(雨、雪等)急降,攻击vi.投击,猛落"
pend,vi.悬而未决
penetrate,"vt.穿透,渗透,看穿,洞察vi.刺入,看穿,渗透,弥漫"
peregrinate,vi.vt.旅行
perennate,vi.多年生长
periodize,vt.把(绘画、音乐、文学等)划分时期(或时代)vi.划分时期(或时代)
perish,"vi.毁灭,死亡,腐烂,枯萎vt.毁坏,使麻木"
periwig,n.假发vi.带假发
perk,"vi.昂首,恢复,振作vt.竖起,打扮"
permeate,"vt.弥漫,渗透,透过,充满vi.透入"
pernoctate,"vi.守夜,熬夜 通宵祷告"
perorate,"vi.下结论,冗长地谈论"
persist,"vi.坚持,持续"
perve,vi.=perv
pet,"n.宠物,受宠爱的人,不悦adj.宠爱的,亲昵的vt.宠爱vi.拥抱,爱抚,生气,发脾气"
peter,vi.逐渐消失 Peter 彼得(男子名)
pettifog,"vi.讲歪理,诡辩,做讼棍"
phew,"int.哟,呸表示不快的声音vi.咂舌头"
philander,"vi.追逐女人,玩弄女性,调情"
philanthropize,"vt.慈善地对待,仁慈地对待vi.行善,从事慈善事业"
philologize,"vi.研究语言文献,研究语言学"
philosophize,vi.进行哲学探讨vt.使哲学化
phonate,"vi.出声,发声"
phonograph,"n.留声机,电唱机vi.灌入留声机"
phosphoresce,vi.发出磷光
photolyze,[化]vt.用光分解;vi.进行光分解
photosynthesize,"[生化]vi.(植物等)进行光合作用,实行光能合成;vt.(通过)光合(作用)产生"
piaffe,vi.(马)小跑前进
picaroon,"n.海盗,海盗船vi.做海盗"
pick,"n.精选,掘,鹤嘴锄vt.摘,掘,凿,挑选,挖,挑剔vi.摘,掘,凿,挖,挑选v.拾取"
pickeer,vi.<古>侦察 搜索
picnic,n.野餐vi.(去)野餐
piddle,"vi.撒尿,鬼混,游荡"
piffle,"vi.做无聊事,讲废话n.废话,蠢话"
pigmentize,"vt.给...着色,染色于,染 vi.获得(或呈现) 颜色"
pile,"n.堆,大堆,高大建筑,<美口>大量钱财,<美>[核]反应堆,[电]电池组vi.堆起,堆积,积累,挤vt.堆于,累积,堆叠,打桩于,用桩支撑"
pilgrimage,"n.朝圣vi.朝拜,朝圣"
pilgrimize,"vi.去朝圣,漫游 vt.使成为朝圣者 使成为漫游者"
pimp,"n.<美俚>男妓,皮条客vi.拉皮条"
pinch,"n.捏,撮,收缩,紧急关头,匮乏,压力vt.掐,夹痛,修剪,勒索,使感缺乏,使萎缩,偷vi.收缩,节省"
ping,n.子弹飞过空中的声音;vi.发出砰或咻的声音
pinge,"vi.<苏格兰><英方>埋怨,发牢骚"
pink,"n.粉红色,石竹花,化身,极致,精华adj.粉红的vt.刺,扎,刺痛,使变粉红色vi.变粉红色"
pinken,vi.变成粉红色 vt.使成粉红色
pipe,"n.管,导管,烟斗,管乐器,笛声vt.以管输送,吹哨子vi.吹笛,尖叫"
pirate,"n.海盗,盗印者,盗版者,侵犯专利权者vt.盗印,盗版,掠夺,翻印vi.做海盗"
pirouette,n.脚尖旋转vi.以脚尖旋转
piss,vi.小便vt.撒尿弄湿n.小便
pit,"n.深坑,深渊,陷阱,(物体或人体表面上的)凹陷,(英国剧场的)正厅后排、正厅后排的观众vt.窖藏,使凹下,去...之核,使留疤痕,使竞争vi.起凹点,凹陷"
pitch,"n.程度,斜度,树脂,投掷,定调,(船只)前后颠簸,倾斜,沥青vt.投,掷,向前倾跌,定位于,用沥青涂,扎营vi.搭帐篷,投掷,坠落,倾斜"
pivot,"n.枢轴,支点,(讨论的)中心点,重点adj.枢轴的vi.在枢轴上转动vt.装枢轴于"
place,"n.地方,地点,位置,职位,处境,住所,地位vt.放置,寄予,任命vi.名次列前"
plank,"n.厚木板,支架,(政党的)政纲条款vt.铺板,立刻付款vi.睡在板上"
plant,"n.植物,庄稼,工厂,车间,设备vt.种植,栽培,培养,安置vi.种植"
platitudinize,vi.说平凡的话
plead,"vi.辩护,恳求vt.为...辩护,借口,托称"
plod,"n.沉重的脚步vi.沉重地走,辛勤工作vt.沉重缓慢地走"
plodge,<英方>vi.&n.蹚水
plop,"n.扑通声,坠落adv.扑通一声地vt.使掉下vi.扑通落下"
plot,"n.小块土地,地区图,图,秘密计划(特指阴谋),(小说的)情节.结构vt.划分,绘图,密谋vi.密谋,策划"
plotz,"vi.<口>变得激动万分(或异常兴奋),大怒"
plumb,"n.铅锤,铅弹adj.垂直的vt.使垂直,用铅增加重量,探测vi.垂直"
plummet,"n.铅锤,重荷vi.垂直落下"
plump,"adj.圆胖的,丰满的,鼓起的vt.突然放下,使丰满,使鼓起vi.变丰满,鼓起adv.使发胖(或鼓起)的东西,鼓鳃物,沉重(或突然)坠落,沉重地,突然地,坦白地n.扑通声"
plumpen,"vt.使长胖,使变得胖鼓鼓 vi.长胖 变得胖鼓鼓"
plunge,"n.跳进,投入vi.投入,跳进,陷入vt.使投入,使插入,使陷入"
plunk,"vt.砰砰地弹,砰地投掷vi.砰砰作响,支持n.使劲投掷,扑通声,扑通落下adv.发出砰声"
pluralize,vt.使成复数vi.以复数形式表示
ply,"n.厚度,板层,褶vt.不住地使用,从事,折,弯vi.辛勤工作,(船、车等)定期地来往"
poach,"vt.水煮(荷包蛋),把...踏成泥浆,侵入偷猎,窃取vi.偷猎"
pod,"n.密集小群,扁豆层,豆荚,蚕茧vi.结荚,生荚"
point,"n.点,尖端,分数,要点,分数vt.弄尖,指向,指出,瞄准,加标点于vi.指,指向,表明"
poise,"n.平衡,均衡,姿势,镇静,砝码vt.使平衡,使悬着,保持...姿势vi.平衡,悬着,准备好,犹豫"
poison,"n.毒药,败坏道德之事,毒害vt.毒害,败坏,使中毒vi.放毒,下毒"
poke,"n.刺,戳,懒汉,袋子vt.戳,捅,拨开,刺vi.戳,刺,捅,伸出,刺探,闲荡"
pole,"n.棒,柱,杆,竿,极,磁极,电极vt.用竿支撑,用棒推vi.撑篙 Pole 波兰人"
polemicize,"vi.参加争辩,参加辩论,发表辩论文"
polemize,"vi.辩论,争论"
polish,"n.磨光,光泽,上光剂,优雅,精良vt.擦亮,发亮,磨光,推敲vi.发亮,变光滑adj.波兰的n.波兰人 Polish 波兰(Poland)的"
politicize,vi.搞政治vt.使具有政治性
polygamize,"vi.多配偶化,实行多配偶制"
polygonize,vi.[冶]多边形化
pom,n.砰的一声vi.发出砰砰声
pontificate,"n.教皇的职位,主教的地位vi.装作教皇的说话"
pontify,vi.=pontificate
pool,"n.池,撞球,联营,石油层vt.合伙经营,共享,共有,集中(钱、力量等),采掘,汇聚成vi.汇合成塘,郁积,联营"
poop,"n.船尾,船尾楼,<俚>傻子,真实的消息vt.冲打(船尾),使精疲力尽vi.疲乏"
pop,"n.取出,砰然声,枪击,流行乐曲;adj.流行的,热门的,通俗的;vt.开枪打,抛出,取出,突然伸出,突然行动;adv.突然,砰地;vi.发出爆裂声,爆开,射击,突然出现,瞪大;n.<口>汽水;Post Office Protocol,电子邮件协议"
pople,vi.&n.=popple
popple,"vi.荡漾,汹涌,起泡翻滚n.(水的)荡漾,汹涌"
pore,"n.毛孔,小孔,气孔vi.熟读,凝视,细想,沉思vt.因凝视过度使...疲劳"
port,"n.港口,舱门,左舷,避风港,枪眼vt.左转舵,持(枪)vi.转舵左n.端口"
pose,"n.姿势,姿态v.(使...)摆好姿势,形成,引起,造成vi.摆姿势,佯装,矫揉造作"
possum,n.[动]负鼠vi.装死
postulate,"n.假定,基本条件,基本原理vt.要求,假定vi.要求"
posturize,vt.使摆出特定姿势 vi.作出特定姿势
potboil,vi.为混饭吃而粗制滥造
pouch,"n.小袋,烟草袋,钱袋,育儿袋vt.把...装入袋中,使成袋状vi.成袋状"
pound,"n.磅,英镑,重击,鱼塘,兽栏,拘留所vt.强烈打击,捣烂,监禁,关入栏vi.连续重击,连续敲打,苦干"
poussette,n.环舞vi.跳环舞
powder,"n.粉,粉末,火药,尘土vt.搽粉于,撒粉,使成粉末vi.搽粉,变成粉末"
powwow,"n.巫师,医师,(印地安人的)仪式vi.举行仪式,行巫术vt.用巫术医治"
prance,"n.(马)后足立地腾跃,昂首阔步vi.腾跃,欢跃,昂首阔步vt.使腾跃"
prang,"vt.使...坠毁,撞击vi.飞机坠毁n.撞击,轰炸"
prank,"n.胡闹,开玩笑,恶作剧vt.装饰,打扮vi.打扮得漂亮"
prattle,"vi.说孩子气的话,说半截话,闲聊,胡说,唠叨vt.天真地说n.孩子话,无聊话,胡说,废话"
prawn,"n.[动]对虾,明虾,大虾vi.捕虾"
preachify,"vi.讲道,唠唠叨叨地讲"
preambulate,vi.作序言
precent,"vi.(英国教堂唱赞美诗时)领唱,(犹太教堂祈祷时)领诵vt.领唱(赞美诗),领诵(祷文)"
precess,[物]vi.产生进动;vt.使产生进动
precipitate,"n.沉淀物vt.猛抛,使陷入,促成,使沉淀vi.猛地落下adj.突如其来的,陡然下降(或下落)的,贸然轻率的"
predecease,n.<罕>先死vt.比...先死vi.先死
predominate,"vt.掌握,控制,支配vi.统治,成为主流,支配,占优势"
preen,"vt.(鸟)用嘴整理,打扮,赞扬vi.把(自己)打扮漂亮"
preface,"n.序文,绪言,前言vi.作序,写前言vt.为...写序言,开始"
prelect,"vi.讲演,讲课"
preludize,"vi.作序言,奏序曲"
premise,"n.[逻][法]前提,(企业,机构等使用的)房屋连地基vt.提论,预述,假定vi.作出前提"
preponderate,"vi.以重量胜过,占优势,超过,胜过"
prescind,"vt.割去,分开,孤立地思考vi.脱离,不加考虑"
present,"n.赠品,礼物,现在,瞄准adj.现在的,出席的,当面的vt.介绍,引见,给,赠送,上演,提出,呈现vi.举枪瞄准"
preserve,"vt.保护,保持,保存,保藏vi.做蜜饯,禁猎n.蜜饯,果酱,禁猎地,禁区,防护物"
press,"n.压,按,印刷,压力,拥挤,紧握,新闻vt.压,压榨,紧抱,逼迫vi.压,逼迫,拥挤,受压"
prevail,"vi.流行,盛行,获胜,成功"
prey,"n.被掠食者,牺牲者,掠食vi.捕食,掠夺,折磨"
prick,"vt.刺,戳,刺痛,竖起vi.刺,竖起n.扎,一刺,刺痛,锥,阴茎adj.竖起的"
proceed,"vi.进行,继续下去,发生"
procreate,"vt.生(儿,女),生殖,产生vi.生殖,生育"
profit,"n.利润,益处,得益vi.得益,利用vt.有益于,有利于"
prog,"n.食物,掠夺得的食物,进步人士vi.掠夺"
program,"n.节目,程序,纲要,计划vt.规划,拟...计划,安排...入节目vi.安排节目,编程序 (电脑)程序,(电视)节目"
progress,"n.前进,进步,发展vi.前进,进步,进行"
prolapse,"vi.下垂,脱垂n.[医]下垂,脱垂"
prologise,vi.<主英>=prologize
prologize,vi.作序 写序诗 念开场白
prologuize,vi.=prologize
pronate,"vt.将手掌转向下,使伏身,使俯身vi.俯身,伏身"
propose,"vt.计划,建议,向...提议,求(婚)vi.打算,求婚"
prosecute,"vt.实行,从事,告发,起诉vi.告发,起诉,作检察官"
proselyte,n.改信仰者vt.使改宗教信仰vi.改变宗教信仰
proselytize,vt.使改宗vi.劝诱改宗
prospect,"n.景色,前景,前途,期望vi.寻找,勘探"
protestantize,vt.使信新教vi.成为新教徒
protuberate,"vi.隆起,凸出"
prove,"vt.证明,证实,检验,考验vi.原来(是),证明(是)"
psychologize,vi.研究心理学vt.作心理分析
puddle,"n.水坑,胶土,污水坑,vt.搅浊,混凝vi.捣成泥浆"
pule,"vi.呜咽,抽咽地哭,低声哭泣"
pullulate,"vi.发芽,抽芽,充满,成长,发展,产生"
pulp,"n.(水果的)果肉,纸浆vt.使化成纸浆,除去...果肉,vi.变成纸浆"
pulsate,"vi.搏动,跳动,有规律的跳动"
pumpship,n.vi.小便
pun,n.双关语vi.说双关语vt.用双关语
punctuate,"v.加标点于,不时打断vi.使用标点,加标点"
pupate,vi.[昆]化蛹
purl,"n.金银丝,金银绉边,反针,倒针,潺潺声,漩涡vt.用金银丝绣,用倒针编织vi.潺潺流水,用倒针编织"
push,"n.推,推动,奋发,干劲,进取心,攻击vt.推,推动,推行,逼迫,增加vi.推,推进,增加,努力争取"
pussyfoot,"vi.偷偷走路,轻轻地走,谨慎行事"
put,"vt.放,摆,安置,表达,迫使,移动,提出,赋予vi.出发,航行,发芽,击n.掷,投击,笨蛋,怪人 vbl.put的过去式和过去分词adj.固定不动的"
putresce,"vi.开始腐烂,变得腐败"
putt,n.轻轻一击(入洞)vt.vi.轻轻击球入洞
putter,"n.置放者,(高尔夫球)轻击棒vi.闲荡.行为懒散,vt.混过"
quadruple,"adj.四倍的,四重的,[乐]每小节四拍的n.四倍vt.使成四倍vi.成为四倍"
quarrel,"n.吵架,反目,怨言,争吵的原因vi.吵架,争论,挑剔"
quarry,"n.采石场,(知识、消息等的)来源vt.挖出,苦心找出vi.费力地找"
quarterback,n.[橄榄球] 四分卫vi.担任四分卫
quench,"vt.结束,熄灭,淬火vi.熄灭,平息"
queue,"n.行列,长队,队列vi.排队,排队等待"
quibble,"n.双关语,遁辞,谬论vi.以双关语说出,说模棱两可的话,说俏皮话vt.对...诡辩"
quiet,"adj.静止的,宁静的,从容的n.安静,闲适vi.平静下来vt.使平静,使安心,减轻(疑虑、恐惧等)"
quilt,"n.棉被vt.制成棉被,摘录,编辑vi.缝被子"
quisle,"vi.卖国,叛国"
quit,"vi.离开,辞职,停止vt.离开,放弃,解除,停止"
quiver,"n.震动,颤抖,箭袋,箭袋中的箭vi.颤抖,振动,射中vt.使颤动adj.敏捷的"
rabbet,"n.(木板等的)槽口,榫头,槽口接缝处vt.开槽口于,嵌接vi.嵌接,榫接"
race,"n.种族,种族气质,种族特征,赛跑,急流,姜根vi.赛跑,疾走vt.与...赛跑,使空转"
racing,"vi.竞赛,赛马,赛车,赛艇n.竞赛"
rack,"n.架,行李架,拷问台,小步跑,烧酒,破坏vt.放在架上,在架上制作,折磨,加以拷问,使痛苦,榨取vi.在饲草架装满干草,变形,(云)随风飘,(马)小步跑"
radiate,"vt.放射,辐射,传播,广播vi.发光,辐射,流露adj.有射线的,辐射状的"
radiolocate,vi.用电波探测器探测
raffle,"n.抽彩售货,杂物vt.抽彩售货vi.抽彩"
raft,"n.筏,救生艇,橡皮船,大量vi.乘筏vt.筏运,制成筏"
rag,"n.抹布,碎屑,石板瓦,破旧衣服,少量vt.揶揄,戏弄,欺负vi.喧闹"
rage,"n.愤怒,情绪激动,狂暴,精神错乱vi.大怒,狂吹,风行"
rail,"n.横杆,围栏,扶手,铁轨vt.以横木围栏,铺铁轨vi.责骂,抱怨"
rain,"n.雨,下雨,雨天vi.下雨vt.使大量落下,大量地给"
ram,"n.公羊,撞锤;vi.猛击,撞;vt.猛击,填塞,灌输;n. Random access memory,随机访问存储器"
ramp,"n.斜坡,坡道,敲诈vi.狂跳乱撞,敲诈,蔓延vt.使有斜面,敲诈"
rampage,"n.乱闹,暴跳vi.发怒,乱闹,狂暴"
range,"n.山脉,行列,范围,射程vt.排列,归类于,使并列,放牧vi.平行,延伸,漫游"
rank,"n.等级,横列,阶级adj.繁茂的,恶臭的,讨厌的,下流的vt.排列,归类于,把...分等vi.列为,列队n.[数] 秩"
rankle,"vi.溃烂,发炎,怨恨vt.激怒"
rap,"n.叩击,轻拍,轻敲,斥责vt.敲,拍,打,厉声说出,斥责,使着迷vi.敲击,交谈 [军] Rocket Assisted Projectile,火箭助推炮弹"
rasp,"n.粗锉刀,擦菜板,刺耳声,激怒人的举动vt.用粗锉刀锉,用擦菜板擦碎,粗声粗气地说vi.粗锉,锉磨,发刺耳声"
rate,"n.比率,速度,等级,价格,费用vt.估价,认为,鉴定等级,责骂vi.被评价,责骂"
ratoon,"n.(农作物,尤指甘蔗的)截根苗vi.长出截根苗"
ravel,"vt.使纠缠,使混乱,解开,弄清vi.散开,解决n.错综复杂的一团"
ray,"n.光线,闪烁,微量vi.射出光线,浮现,放射光线vt.放射,显出"
reach,"n.延伸,区域,河段,范围,(车子前后轴的)联接杆,横风行驶vt.到达,达到,伸出,影响vi.达到,延伸,伸出手,传开"
react,"vi.起反应,起作用,反抗,起反作用"
reappear,vi.再出现
rear,"n.后面,背后,后方,屁股adj.后面的,背面的,后方的vt.培养,饲养,举起,树立,栽种vi.高耸,暴跳,用后腿站起"
reason,"n.理由,原因,动机,理智,前提vt.说服,推论,辩论vi.推论,劝说,思考"
reassemble,vt.重新召集vi.重新集合
reast,vi.=reest[变体]
reawaken,vi.再度觉醒
rebate,"n.回扣,折扣vt.减少,打折扣vi.给...回扣,打折扣"
reblossom,vi.再开花 重呈繁盛
rebranch,"vi.[植]二次分枝,长出副枝"
recalcitrate,"vi.不服从,执拗,顽抗"
recess,"n.(墙壁等的)凹进处,[解]隐窝vt.使凹进vi.休假,休息"
recharge,"vt.再充电,再控告,再袭击vi.再袭击n.再袭击,再装填"
recidivate,"vi.复返,再犯"
reckon,"vt.计算,总计,估计,猜想vi.数,计算,估计,依赖,料想"
reclama,vi.(尤指在军队中)申请复议
recognize,"vt.认可,承认,公认,赏识vi.具结"
recoil,"n.畏缩,后退,弹回,反作用,后座力vi.退却,畏缩,弹回,撤退,反冲"
record,"n.履历,档案,诉状,最高纪录,报告,唱片vt.记录,标明,将...录音vi.录音,被录音adj.创纪录的"
recoup,"vt.赔偿,补偿,扣除vi.补偿损失"
recover,"vt.重新获得,恢复,使改过vi.痊愈,复原,胜诉"
recrudesce,"vi.复发,再发作"
recruit,"n.新兵,新分子,新会员vt.使恢复,补充,征募vi.征募新兵,复原"
recur,"vi.复发,重现,再来"
redefine,vt.重新定义vi.重新定义
redeploy,"vt.调防,重新部署vi.重新部署"
redescend,"vi.重新下来,重新下降 vt.从...重新下来,再次下(楼梯等)"
redline,"vi.对某社团进行经济歧视,按安全飞行速度驾驶飞机vt.<美>(用红线)划去,取消,排除,歧视"
redraw,vt.重画vi.刷新屏幕
reecho,"vi.再反回响vt.使回响n.回响,回声"
reek,"n.<主苏格兰>烟,水蒸汽,雾,臭气vi.冒烟,发臭气,散发vt.用烟熏,散发"
reel,"n.(棉纱,电线等的)卷轴,(磁带等的)一盘,旋转,蹒跚vt.卷...于轴上,使旋转vi.蹒跚地走,旋转,眩晕,骚乱,退缩,摇晃"
refer,"vt.提交,谈及,归诸于,指点把...提交,使求助于vi.提到,涉及,查阅,咨询"
reform,"n.改革,改善,改良运动,感化vt.改革,革新,重新组成vi.革新,改过,重组"
refrain,"n.重复,叠句,[乐]副歌vi.节制,避免,制止"
regelate,vi.重新结冰
regenerate,"vt.使新生,重建,改革,革新vi.新生,再生,起革新作用adj.新生的,更新的"
regerminate,vi.重新发芽
register,"n.记录,登记簿,登记,注册,寄存器vt.记录,登记,注册,提示,把...挂号vi.登记,注册,挂号"
regret,"n.遗憾,悔恨,抱歉,歉意vt.为...感到遗憾,后悔,惋惜,哀悼,懊悔vi.感到抱歉"
rehearse,"vt.预演,排演,使排练,复述,练习,背诵,作假vi.排练,练习,演习"
reign,"vi.统治,支配,盛行,占优势n.统治,统治时期,支配"
rein,"n.缰绳,统治,支配vt.以缰绳控制,统治,驾驭vi.勒住马,止住"
reinforce,"vt.加强,增援,补充,增加...的数量,修补,加固vi.求援,得到增援n.加固物"
reist,vi.=reest
rejoin,"vt.使再结合,再加入,再回答vi.重新聚集,回答,答辩"
rejuvenate,"vt.使年轻,使复原,使恢复精神,使恢复活力,使回春,使更新vi.返老还童,复原"
relapse,"n.复发,回复原状vi.故态复萌,旧病复发"
relax,"vi.放松,休息,休养,变从容vt.使松驰,缓和,使松懈,使休息"
relay,"n.驿马,接替,[电工]继电器vt.(消息,货物等)分程传递,使接替,转播vi.得到接替,转播"
relent,"vi.变宽厚,变温和"
reload,vt.再装vi.再装填弹药
remain,"vi.保持,逗留,剩余,残存"
remark,"n.备注,评论,注意,注释vt.评论,注意,谈及vi.谈论"
remember,"vt.回忆起,铭记,纪念vi.记得"
remigrate,"vi.再迁移,再移民,重新移植"
remit,"vt.宽恕,赦免,免除,缓和,推迟,汇出,传送,使复职vi.缓和,汇款n.移交的事物"
remount,"vi.再上,重登vt.重新安装n.替班马匹,新马"
remove,"vt.移动,开除,移交vi.迁移,搬家n.移动,距离,班级,升级"
remurmur,"[诗]vi.发持续轻声,传出低语声;vt.以持续轻声重复 以低语声说出"
renature,"vt.使(变性蛋白质等)恢复原来属性,使复性 vi.复性"
render,"vt.呈递,归还,着色,汇报,致使,放弃,表演,实施vi.给予补偿n.交纳,粉刷,打底"
renegade,"n.背教者,变节者,叛徒adj.背弃的,脱离的,变节的vi.背弃,脱离"
renege,"vi.食言,违例出牌vt.否认,拒绝n.出牌违例"
renegue,"vi.违例出牌,食言vt.否认,拒绝n.出牌违例"
renew,"vt.使更新,使恢复,重申,补充,续借,复兴vi.更新,重新开始"
renig,vi.=renegue[变体]
reorder,"vt.再订购,重新安排vi.再订购,重新排序n.再订购"
repast,"n.餐vi.设宴,就餐"
repeat,"n.重复,反复vt.重做,复述,向他人转述,复制,使再现vi.重复,留有味道"
reply,"n.答复,报复,答辩vi.答复,回击,报复,答辩vt.回答"
repose,"n.休息,睡眠,静止vt.使休息,寄托于vi.休息,长眠,静卧,建立于,座落,依靠"
repower,"vt.再向...提供动力,为(船只、机器)装上新发动机vi.重新提供动力"
represent,"vt.表现,描绘,声称,象征,扮演,回忆,再赠送,再上演vi.提出异议"
repress,"vt.<美>再压,补充加压vi.压制"
resail,vi.再航行
research,"n.研究,调查vi.研究,调查"
reship,vt.把...再装上船vi.再上船
reside,vi.居住
resile,"vi.弹回,恢复原状"
resit,"<英>vt.(尤指考试不及格后)再参加(考试);vi.(考试不及格后)再考,重考"
resort,"vi.求助,诉诸,采取(某种手段等),常去n.凭借,手段,常去之地,胜地"
resplend,"vi.灿烂,发亮"
respond,"v.回答,响应,作出反应vi.有反应"
rest,"n.休息,静止,支持物,台,架,[音]休止符,其余,其他vi.休息,睡眠,静止,依靠,搁在,保持(状态),取决于vt.使休息,使静止,睡眠,依靠,搁在"
result,"n.结果,成效,计算结果vi.起因,由于,以...为结果,导致"
resurface,vt.重铺路面vi.重新露面
ret,vt.浸水使柔软vi.受潮湿腐烂
retail,"n.零售adj.零售的vt.零售,转述vi.零售adv.以零售方式"
retch,"vi.作呕,恶心"
retire,"vi.退休,引退,退却,撤退,就寝"
retreat,"vi.撤退,退却n.撤退,退却"
retrench,"vt.紧缩,节约,减少,删除,给...筑围墙vi.紧缩,节省"
retroact,"vi.回动,起反作用"
return,"n.回来,返回,来回票,利润,回答adj.返回的,回程的,报答的,反向的,重现的vi.回返,归还vt.归还,回报,报告,获得,回答,返回"
reune,vi.重新聚会
revoke,"vt.撤回,废除,宣告无效vi.n.有牌不跟"
rewake,"vt.再弄醒,再唤醒vi.再醒,再觉醒,再次意识"
rhapsodize,"vi.狂热地描述,写狂想文,作狂想曲vt.狂热地说"
rhodomontade,"n.,adj.&vi.=rodomontade"
rhyme,"n.韵,押韵,押韵的词vi.押韵,作诗,韵律和谐vt.使押韵,用韵诗表达,把...写成诗"
riffle,"n.浅滩,湍流,涟漪,洗牌动作vt.使起涟漪,迅速洗牌vi.流过浅滩,成涟漪.迅速翻书"
rifle,"n.来复枪,步枪,来复线,膛线vt.用步枪射击,抢夺vi.掠夺"
rill,"n.小河,小溪vi.小河般流"
rim,"n.边,轮缘,蓝框vt.镶边,为...装边,沿...边缘滚动vi.形成边状"
ring,"n.环,环形物,环状,铃声,声调,打电话,拳击场vt.包围,套住,按铃,敲钟vi.成环形,响,鸣,敲钟,回响,按铃"
rink,"n.溜冰场,冰球场,室内溜冰场vi.溜冰"
ripen,vt.使成熟vi.成熟
riposte,"n.还刺,机敏回答vi.还刺,尖锐回答"
ripsnort,vi.喧闹地行进 vt.喧闹地沿...而去
rise,"n.上升,增加,上涨,高地,小山,发生,出现vi.升起,起身,发源,起义,高耸,增长,上升,复活vt.使飞起"
rive,"vt.撕开,劈开,使沮丧vi.裂开,破裂"
roady,n.&vi.=roadie
roar,"n.吼叫,怒号vi.吼叫,怒号v.滚动,咆哮"
rock,"n.岩石,暗礁,石头,摇动vt.摇摆,使动摇vi.摇,摇动"
rodeo,"n.<美> 为打烙印而赶拢牧牛,牛仔竞技表演vi.<美> 参加竞技"
rodomontade,"n.大言不惭,吹牛adj.自吹的,吹牛的,说大话vi.大言不惭"
rogue,"n.流氓,无赖vt.欺诈vi.流浪,耍无赖,游手好闲"
rollick,vi.n.欢闹
romance,"n.冒险故事,浪漫史,传奇文学,风流韵事,虚构vi.写传奇,渲染,虚构"
romanticize,"vi.浪漫化,传奇化vt.使浪漫化,使传奇化"
romp,"n.蹦跳游戏,顽皮的人vi.顽皮嬉戏"
roose,"<主方>vt.称赞,赞美,吹捧 ;vi.自夸 趾高气扬"
roost,"n.栖木,栖息所,卧室vi.栖息,安歇vt.使栖息"
round,"n.圆,圆形物,巡回,一轮;adj.圆的,丰满的,大概的,完全的,率直的;prep.围着,附近,绕过,在...周围;vt.弄圆,使成圆形,绕行,完成,四舍五入vi.变圆,发胖,环行,拐弯,进展;adv.围绕着,循环地,在周围,迂回地,朝反方向,挨个"
royster,vi.=roister
ruck,"vt.弄皱vi.变皱n.皱褶,一群"
rule,"n.规则,惯例,统治,章程,破折号,准则,标准,控制vt.规定,统治,支配,裁决vi.统治,管辖,裁定n.规则,水线"
rumba,n.伦巴舞(由古巴黑人民间舞蹈发展而成的一种交际舞)vi.跳伦巴舞
run,"n.跑,赛跑,奔跑,运转,趋向vi.跑,奔,逃跑,竞选,跑步,蔓延,进行,行驶vt.使跑,参赛,追究,使流,管理,运行,开动adj.熔化的,融化的,浇铸的 vbl.run的过去式和过去分词"
rush,"n.匆促,冲进,急流,灯芯草vi.冲,奔,闯,赶紧,涌现vt.使冲,匆忙地做,突袭,飞跃,用 灯芯草做adj.急需的"
ruskinize,"vt.(尤指在艺术方面)使皈依并实践罗斯金(19世纪英国艺术评论家)的艺术信条vi.实践罗斯金的艺术信条,罗斯金化"
rustle,"n.沙沙声,飒飒声vi.发出沙沙声,奋力工作,急速移动vt.使沙沙响"
sabbatize,"vi.守安息,过安息日 vt.把...作为安息日"
sabotage,"n.(不满的职工或敌特等的)阴谋破坏,怠工,破坏vi.从事破坏活动vt.对...采取破坏行动,妨害,破坏"
sail,"v.航行(于)vi.启航,开船n.帆,篷,航行"
samba,n.桑巴舞(一种源自非洲的巴西舞)vi.跳桑巴舞
sap,"n.树液,体液,活力,坑道,笨人,傻子vt.使排出体液,使衰竭,挖坑道袭击,逐渐侵蚀vi.挖坑道"
sashay,"vi.到处走动,行走,滑步而舞,大摇大摆地走n.一种方块舞,快滑舞步,远足"
satellize,"vt.使卫星国化,使沦为附庸国 vi.<罕>群集"
saunter,"n.vi.闲逛,漫步"
save,"vt.解救,保存,保全,保留,节省,储蓄vi.挽救,节省,救球 prep.除...之外n.救球 /v.[计]保存/更新"
savor,"n.滋味,气味,食欲,特定的味道或气味,一种有特色的性质vi.有...的滋味,有...气味vt.加调味品于,使有风味,尝到或闻到,尽情享受"
sawny,"n.=Sawney n.,adj.&vi.=sawney"
scab,"n.疤,痂,不参加罢工的工人,恶棍,工贼vi.结痂,当工贼"
scale,"n.刻度,衡量,比例,数值范围,比例尺,天平,等级vt.依比例决定,攀登,测量vi.剥落,生水垢,重,攀登,衡量"
scat,"int.嘘!vi.迅速走开,乱喊乱叫,无意义地乱唱vt.嘘叫着赶n.爵士音乐中无意义的音节的演唱,敲打声"
scent,"n.气味,香味,香水,线索,嗅觉,臭迹vt.闻出,嗅,发觉,循着遗臭追踪,使充满气味vi.嗅猎,发出气味"
scepticize,"vi.<英>持怀疑论,怀疑一切"
schmooze,n.vi.闲谈
schussboom,vi.<美>[体](滑雪中)直线滑下山坡
score,"n.得分,乐谱,抓痕,二十,终点线,刻痕,帐目,起跑线vt.把...记下,刻划,划线,获得,评价vi.记分,刻痕,得分"
scour,"vt.冲洗,擦亮,(搜索或追捕时)急速走遍vi.擦,洗,冲刷,腹泻,急速穿行n.擦,洗,洗涤剂,腹泻"
scout,"n.侦察,搜索,侦察员,侦察机vi.守候,侦察,巡视,嘲笑vt.侦察,跟踪,觅得,监视,轻蔑地拒绝(建议,意见等)"
scowl,"n.愁容,怒容,暴风雨前的阴沉晦暗vi.皱眉头,怒目而视vt.板着脸表示"
scrabble,"vi.乱写,乱涂,扒寻,摸索,挣扎vt.扒成,拼凑成n.一种拼字游戏,扒,抓,摸索,挣扎"
scram,n.紧急刹车vi.滚开
scramble,"n.爬行,攀缘,抢夺,混乱vi.攀缘,杂乱蔓延,争夺,拼凑,匆忙vt.攀登,搅乱,使混杂"
scrap,"n.小片,废料,剪下来的图片,文章,残余物,废料,打架vt.扔弃,敲碎,拆毁vi.互相殴打adj.零碎的,废弃的"
scrape,"n.刮,擦,擦痕,刮擦声,困境vi.刮掉,擦掉,刮出刺耳声vt.刮,擦,擦伤,挖成"
scratch,"n.乱写,刮擦声,抓痕,擦伤vt.乱涂,勾抹掉,擦,刮,搔,抓,挖出vi.发刮擦声,搔,抓adj.打草稿用的,凑合的"
scrawl,"vt.乱涂,潦草地写vi.乱写n.潦草的笔迹"
screak,vi.嘎嘎作响n.刺耳的声音
screech,"n.尖声喊叫,尖叫声,急煞车声vt.尖着声音讲或喊vi.发出尖锐的声音,发出恐惧或痛苦的叫喊声"
screen,"n.屏,银幕,筛子,掩蔽物,屏风vt.掩蔽,包庇,放映,拍摄,筛vi.拍电影"
screeve,"vi.当马路画家,告地状n.地状"
screw,"n.螺丝钉,螺旋,螺杆,螺孔,螺旋桨,吝啬鬼vt.调节,旋,加强,压榨,强迫,鼓舞vi.转动,旋,拧"
scribe,"n.抄写员,作者,划线器,(基督以前和同一时期的)犹太法学家vi.担任抄写员vt.用划线器划"
scrieve,vi.<苏格兰>迅速移动 快速滑动
scrimmage,"n.混战,并列争球vt.并列争球vi.混战"
scrimp,"vt.过度缩减,克扣vi.节省或精打细算adj.不足的,吝啬的"
scrimshank,"vi.偷懒,玩忽职守,怠慢"
scroop,vi.嘎嘎地响n.嘎嘎的响声
scrounge,"vt.占有,行乞,搜寻,搜集vi.东张西望,搜寻,搜集,乞讨,偷东西"
scrummage,"n.并列(列队)争球vi.排成争球队形,参与争球"
scrunch,"vt.碾碎,使弯曲vi.嘎吱嘎吱地作响,蜷缩n.嘎吱嘎吱的响声"
scruple,"n.踌躇,犹豫,微量,吩,审慎vi.踌躇,有顾忌,迟疑"
scry,vi.用水晶球占卜
scud,"vi.迅速地移动或奔跑n.飞奔,飞云,小阵雨,碎雨云,风吹起的浪或水花"
scuff,"vi.拖足而行,磨损vt.以足擦地,践踏,使磨损n.拖着脚走,磨损之处"
sculk,vi.&n.=skulk
scull,"n.短桨,橹,比赛用的小划艇vt.摇桨,用短桨或橹划vi.划船"
scum,"n.浮渣,浮垢,糟粕,泡沫,糖渣,铁渣vt.将浮渣去除掉vi.产生泡沫,被浮渣覆盖"
scurry,"vi.急赶,急跑,急转,以轻快而交替的步子走动n.急赶,急跑,急转"
scuttle,"n.天窗,舱室小孔,煤桶,急速逃走vi.急促地跑,急忙撤退vt.凿沉,毁坏,毁坏"
seam,"n.接缝,线缝,缝合线,衔接口,伤疤,层vt.缝合,接合,焊合,使留下伤痕vi.裂开,发生裂痕"
sear,"adj.烤焦的,枯萎的vt.烤焦,使枯萎vi.凋谢,干枯"
secede,"vi.正式脱离或退出,分离"
secern,vt.区别vi.分开
sectarianize,vt.使宗派化 vi.闹宗派 分裂成宗派
seed,"n.种子,萌芽,原由,根据,子孙,精液vt.播种,结实,成熟,去...籽vi.结实,播种"
seem,"vi.象是,似乎"
self,"n.自己,自我,本性,本质,本人,私心vt.使近亲繁殖,[植]使自花授精vi.[植]自花授精adj.同一的"
senesce,vi.开始衰老
sensitize,"vt.使变得敏感,使具有感光性vi.变得敏感,敏化"
seroconvert,vi.[生][医]血清转化(对疫苗产生抗体)
serotype,"n.血清型 vi.按血清型分类 vt.决定...的血清型,把...按血清型分类"
serry,"vi.拥挤,密集,紧排 vt.使(军队行列等)靠拢,使排紧"
settle,"n.有背的长凳vt.安放,使定居,安排,解决,决定,整理,支付,使平静vi.安家,定居,停留,下陷,沉淀,决定,澄清"
shade,"n.荫,阴暗,荫凉处,图案阴影,黑暗,颜色深浅,遮光物,帘vi.渐变vt.遮蔽,使阴暗,使渐变,微减"
shadow,"n.阴影,影子,影像,预兆,庇护,隐蔽处,阴暗,少许vt.遮蔽,使朦胧,预示,尾随vi.渐变,变阴暗"
shadowbox,"vi.与假想敌作拳击训练,谨慎地对付对手"
shag,"n.粗烟丝,粗毛,蓬乱一团vt.使蓬松,使杂乱,追赶vi.蓬松"
shamanize,"vi.萨满教化,信奉萨满教"
shamble,"vi.蹒跚地走,摇摇晃晃地走n.蹒跚,摇晃的脚步,拖沓的脚步"
shape,"n.外形,形状,形态,(尤指女子的)体形,身段,形式vt.制作,定形,使成形,塑造,使符合vi.成形,形成,成长"
share,"n.共享,参与,一份,部分,份额,参股vt.分享,均分,共有,分配vi.分享"
shatter,"n.粉碎,碎片,落花(叶,粒等)vt.打碎,使散开,粉碎,破坏vi.粉碎,损坏,落叶"
sheave,"n.滑车轮,槽轮vt.捆vi.反桨划船"
sheer,"adj.全然的,纯粹的,绝对的,彻底的,透明的,峻峭的vi.避开,躲避,偏航vt.使避开,使偏航adv.完全,全然,峻峭n.偏航"
shell,"n.贝壳,壳,外形,炮弹vt.去壳,脱落,炮轰vi.剥落,脱壳 [计] 设定命令行解释器的位置"
shelve,"vt.置于架子上,缓议,搁置,解雇vi.倾斜"
sherardize,[冶]vt.在(铁制品等)上镀锌 ;vi.(铁制品等)镀上锌粉
shift,"n.移动,轮班,移位,变化,办法,手段vt.替换,转移,改变,移转,推卸,变速vi.转换,移动,转变,推托,变速"
shimmey,n.&vi.=shimmy
shirk,"vi.逃避,推卸vt.逃避"
shit,"vi.拉屎,<俚>对...胡扯,企图欺骗,取笑vt.欺骗n.粪,屎int.狗屁!"
shlepper,vi.&n.=schlep
shlump,n.&vi.<美> =schlump
shock,"n.打击,震动,冲突,休克,突击,禾束堆,乱蓬的头发vt.使震动,使休克,使受电击,震惊得vi.震动,吓人adj.蓬乱的,浓密的"
shoot,"n.射击,发射,摄影,急流vt.射击,投射,伸出,拍摄,用完,挥出,给...注射,使爆炸vi.射出,射击,发出,发芽,射门,拍电影"
shop,"n.商店,店铺vi.买东西,购货"
shotfire,"vi.[矿]放炮,爆破"
shove,"n.<口>推,挤vt.<口>推挤,猛推,强使vi.推"
shrive,vi.听忏悔vt.听忏悔后赦免
shudder,"n.vi.战栗,发抖"
sicken,"vt.使患病,使嫌恶,使恶心或昏晕vi.得病,变厌腻"
side,"n.边,旁边,面,侧面,胁,一方,(一个)方面,摆架子adj.旁边的,侧面的,副的,枝节的vi.站在同一边"
sideslip,"n.侧滑,私生子vi.侧滑"
sidestep,"n.横跨的一步,(侧面的)台阶vt.横跨一步躲闪,回避(困难)vi.回避问题,躲避打击"
sidestroke,n.vi.[体]侧泳
sigh,"n.叹息,叹息声vi.叹息,叹气"
sightsee,vi.观光
signify,"vt.表示,意味vi.要紧,有重要性v.颇为重要,表示"
sile,"vi.<主英方>滑下,流下,大雨如注"
simmer,"vt.慢煮vi.煨,炖,内部混乱状态n.将沸腾的状态,将沸腾的温度"
simper,"n.痴笑,假笑vi.痴笑vt.假笑着说"
single,"adj.单一的,单身的,单纯的,孤独的,专一的,个别的n.一个,单打,单精度型vt.选出vi.[棒]作一垒打"
sink,"vi.沉下,(使)下沉n.水槽,水池 接收器"
sizzle,vi.咝咝的响vt.烧灼n.咝咝声
skate,"n.冰鞋,溜冰,老马,可鄙的人vi.滑冰,滑过"
skedaddle,n.逃走vi.逃走
skeetshoot,vi.[体]作双向飞碟射击
skeletonize,"vt.使成骸骨,节略成概要,大量缩减人员vi.节略,非常瘦"
skelp,vi.快步走
skelter,"vi.急匆匆地跑,往前冲"
sken,vi.<英方>斜眼看 凝视
skepticize,vi.<美> =scepticize
sketch,"n.略图,草图,概略,梗概,草图,拟定vi.绘略图,素描v.勾画"
ski,n.滑雪橇vi.滑雪
skice,"vi.<英方>迅速奔跑,匆匆而行,疾行"
skiddoo,"vi.走开,离开"
skidoo,vi.=skiddoo
skinch,"vt.<英方>对...吝啬vi.节约,吝惜(on)"
skirl,n.风笛发出的尖锐声vi.发出尖锐声vt.用风笛演奏
skitter,"vi.掠过水面,沿水面拉动鱼钩钓鱼vt.使掠过水面"
skulk,"vi.偷偷隐躲,偷懒"
skylark,"n.[鸟]云雀,发疯般的胡闹vi.开玩笑,胡闹"
skyscrape,vi.建造摩天楼
slack,"n.松弛,静止,淡季,闲散,家常裤adj.松弛的,不流畅的,疏忽的,软弱的,漏水的,呆滞的,懒散的adv.马虎地,缓慢地vt.使松弛,使缓慢,马虎从事vi.松懈,减弱,松驰"
slaver,"n.奴隶贩子,奴隶贩卖船,诱骗女子为娼者,唾液vi.垂涎,淌口水,谄媚vt.流涎弄脏"
sleave,"n.细丝,乱丝vt.解开vi.分成细丝"
sleep,"vi.睡,睡觉n.睡眠"
sleet,"n.冰雨,雨夹雪vi.下雨雪,下冰雹"
sleuth,"n.足迹,警犬,侦探vi.做侦探"
slick,"adj.光滑的,熟练的,聪明的,华而不实的,陈腐的,平凡的,老套的adv.灵活地,聪明地vt.使光滑,使漂亮n.平滑的水面,平滑器,修光工具vi.打扮整洁"
slime,"n.粘土,粘液vt.涂泥vi.变粘滑"
slip,"n.滑倒,事故,片,纸片;vi.滑动,滑倒,失足,减退;vt.使滑动,滑过,摆脱,闪开,塞入;adj.滑动的,活络的,有活结的;Serial Line Interface Protocol,串行线路接口协议"
slither,vi.不稳地滑动vt.使滑动
sloganeer,vi.大量使用标语口号n.标语口号作者
slough,"n.泥沼,蜕的皮,腐肉vt.使陷入泥沼,使沉沦,脱落,抛弃vi.在泥浆中跋涉,蜕皮,脱落"
slug,"n.[动]鼻涕虫,懒汉,子弹,金属小块vi.偷懒,捕鼻涕虫vt.插嵌片于"
slum,n.贫民窟vi.访问贫民区
smart,"n.刺痛,痛苦adj.巧妙的,聪明的,漂亮的,潇洒的,刺痛的,剧烈的,厉害的,敏捷的vi.刺痛,懊恼 轻快地,严厉地,灵巧地,精确的,时髦地,大大的"
smile,vi.(～ at) 微笑n.微笑
smoke,"n.烟,烟尘,烟幕v.抽烟,吸烟vi.冒烟"
smolder,"vi.郁积,闷烧n.闷烧"
smoodge,vi.<澳>搂抱接吻
smooth,"adj.平滑的,平坦的,平稳的,无毛的,流畅的,圆滑的,安祥的vt.使光滑,烫平,使优雅,消除vi.变平滑,变平静n.一块平地,平滑部分"
smut,"n.煤尘,污迹,(农作物患的)黑穗病vt.弄脏vi.患黑穗病"
snarl,"vi.缠结,混乱,吠,咆哮,怒骂vt.使缠结,搞乱,咆哮着说n.咆哮,吼叫,怒骂,缠结,混乱"
snash,"n.&vi.<苏格兰>侮辱,辱骂"
sneak,"vi.鬼鬼祟祟做事vt.偷偷摸摸地做,<口>偷窃n.鬼鬼祟祟的人,偷偷摸摸的行为,<美口>帆布胶底运动鞋adj.暗中进行的"
sneeze,n.喷嚏vi.打喷嚏
sniffle,"vi.鼻子哼哼的做声,抽鼻涕n.抽鼻子"
snigger,"vi.吃吃地笑,窃笑n.吃吃窃笑,偷偷的笑"
snipe,"n.[鸟]鹬,香烟屁股,狙击,被开玩笑的人物vi.猎鸟,狙击,诽谤vt.狙击"
snoop,"vi.探听,调查,偷窃n.到处窥视,爱管闲事的人,私家侦探"
snooze,"vi.<口>(尤指在白天)小睡,打盹儿vt.懒散地打发日子n.打盹儿,瞌睡"
snow,n.雪vi.下雪
snowshoe,n.雪鞋vi.穿雪鞋走路
snuzzle,vi.<方>用鼻子挨擦
sock,"n.短袜,鞋内衬底,轻软鞋,一击,零食vt.给...穿袜,重击,猛投,请...吃零食vi.爱吃零食adj.非常成功的adv.正着地,不偏不倚地"
soil,"n.土壤,土地,国土,国家,温床,粪便,务农vt.弄脏,污辱vi.变脏"
solarize,"vt.[摄]使过度曝光,晒vi.曝光"
solate,vi.[化]溶胶化
solecize,vi.犯语法错误
solidarize,vi.团结一致
solodize,vi.[地]脱碱化
somersault,n.翻筋斗vi.翻筋斗
somerset, =Somersetshire ;n.&vi.=somersault
somnambulate,vi.梦游
sophisticate,"n.久经世故的人,老油条,精于...之道的人vt.篡改,曲解,使变得世故,掺合,弄复杂vi.诡辩"
sorn,vi.<苏格兰>强求膳宿(on)
sororize,vi.结为姐妹
sot,"n.醉鬼,酗酒者vt.因酗酒浪而费掉vi.嗜酒"
sound,"n.声音,语音,噪音,吵闹,海峡,听力范围,探条adj.健全的,可靠的,合理的,有效彻底的,健康的adv.彻底地,充分地vi.发出声音,回响,测深,听起来vt.使发声,宣告,听诊,测...深,试探"
souse,"n.盐汁,腌制的食品,腌制食品用的盐水vt.腌制,弄醉vi.被浸透,变醉adv.扑通地一声"
sow,"n.大母猪vt.播种,散布,使密布vi.播种"
spank,"vt.打...的屁股,拍击,鞭策...前进,飞跑vi.飞跑n.一巴掌,出色的人(或东西)"
spark,"n.火花,火星,闪光,情郎,花花公子,活力,电信技师,瞬间放电vi.闪烁,发火花,求婚vt.发动,鼓舞,使有朝气,求婚"
spat,"n.[动] 蚝卵,口角,掌击vi.一巴掌打去,争吵"
specialize,"vi.专攻,专门研究,使适应特殊目的,使专用于"
speciate,vi.[生](通过进化)形成物种
spectate,vi.出席观看
speculate,"vi.推测,思索,做投机买卖"
speechify,"vi.演说,演说似的地说个不完"
speedread,vi.快速阅读
spell,"n.符咒,魅力,一段时间,轮班vt.拼写,拼成,意味着,轮值,招致,迷住vi.轮替,拼字"
spill,"n.溢出,溅出,摔下,木片,小塞子,暴跌,溢出量vt.使溢出,使散落,洒,使流出,使摔下,倒出vi.溢出,涌流,充满"
splatter,"vt.结结巴巴地讲vi.连续发溅泼声,说话结巴n.泼溅"
splurge,"n.卖弄,炫耀,夸示vi.卖弄,炫耀,挥霍vt.挥霍"
spook,"n.鬼,幽灵vt.鬼怪般地出没于,惊吓vi.逃窜"
spore,n.孢子vi.长孢子
sporulate,[生]vt.使变为孢子;vi.形成孢子
spree,"n.狂欢,纵乐,无节制的狂热行为vi.狂欢,狂饮"
spruik,"vi.<澳俚>(尤指推销员或节目主持人)演说,当众滔滔不绝地讲话"
spuddle,vi.<古>在脏水(或泥浆)中嬉戏(或打滚)
spurt,"n.(液体等的)喷射,冲刺vt.(液体等) 喷射vi.(液体等) 喷出,迸发,冲刺"
sputter,"n.喷溅声,劈啪声,急语,咕哝vi.唾沫飞溅,发劈啪声,急忙地讲vt.喷出,飞溅出,气急败坏地说"
squall,"n.暴风,暴风雪,嚎啕vi.狂风吹袭,嚎啕,哇哇地叫嚷vt.尖声叫着"
squarebash,vi.<英军俚>(在兵营操场上)操练步伐
squatter,n.蹲着的人vi.涉水而过
squeg,vi.[电子]作极不规则的振荡
squinny,"<方>vi.斜眼看,斜视 ;vt.使(眼)斜看,使斜视"
squish,"n.咯吱声,果酱vt.压扁,压烂vi.咯吱吱地走"
stag,"n.牡鹿,阉割过的雄鹿,刚长大的雄家禽,不带女伴的舞客,只有男性的社交晚会vi.不带女伴参加晚会adj.全是男人的"
stale,"n.(牲畜等的)尿adj.不新鲜的,陈腐的,疲倦的,陈旧的vt.使变旧,走味vi.变陈旧,变无味,失时效,撒尿"
stargaze,"vi.眺望星星,空想,凝视"
starve,vt.使饿死vi.饿得要死
stave,"n.狭板,梯级,棍棒,诗句vt.击穿,弄破,避开,压扁,延缓vi.穿孔,破碎"
steam,"n.蒸汽,水汽vi.蒸发vt.蒸"
steamroll,"vt.用压路机碾,粉碎,压倒vi.以不可抗拒之力前进"
steepen,vt.使陡峭vi.变陡峭
steeve,"n.吊杆,起重桅vt.使装入船舱,使倾斜vi.倾斜"
stiffen,"vt.使硬,使僵硬,使生硬,使粘稠vi.变粘,变硬,变猛烈"
stifle,"vt.使窒息,抑制vi.窒息,闷死"
stir,"n.轰动,搅动,监牢vt.动,移动,摇动,激起,搅和,惹起vi.走动,传播,流行"
stock,"n.树干,库存,股票,股份,托盘,祖先,血统,原料adj.股票的,普通的,常备的,存货的,繁殖用的vt.装把手于,进货,备有,放牧vi.出新芽,采购"
stodge,"n.油腻的食物,贪吃的人vi.狼吞虎咽,艰难地行走vt.贪婪地吃,使填饱,搀和"
stomp,"n.跺脚vt.跺,践踏,重踏vi.跺脚,践踏,重踏"
stonewall,"vi.慎重的打球,妨碍,阻碍"
stooge,"n.喜剧里的配角或丑角,助手,伙伴vi.充当配角"
stook,n.稻堆vt.整理成堆vi.堆禾束
stool,"n.凳子,大便,厕所vi.长新枝vt.诱捕"
stoop,"n.弯腰,屈背,屈服vi.弯下,弯下上身,屈服,弯腰,堕落vt.俯曲,辱没"
stop,"n.停止,车站,逗留,障碍,风琴的音栓,填塞vi.停止,被塞住vt.塞住,堵塞,阻止,击落,断绝,终止,难倒"
stram,vi.大踏步走
strand,"n.绳、线之一股,线,绳,串,海滨,河岸vi.搁浅vt.使搁浅,使落后,使陷于困境,弄断,搓"
straphang,"vi.拉住吊环而立,上班去或上课去"
strategize,vi.制订战略[行动计划]vt.为...制订战略[行动计划]
stravage,"vi.<主苏格兰>漫游,游荡,徘徊"
stridulate,"vi.发出尖而高的声音,吱吱叫鸣"
strike,"n.罢工,打击,殴打vt.打,撞击,冲击,罢工,打动,划燃,到达,侵袭vi.打,打击,罢工,抓,敲,搏动,打动,穿透"
striptease,n.脱衣舞vi.跳脱衣舞
stroam,"vi.<英方>散步,闲逛"
strome,vi.<英方> =stroam
struggle,"n.竞争,努力,奋斗vi.努力,奋斗,挣扎vt.尽力使得,使劲移动"
strut,"n.高视阔步,支柱,压杆vi.大摇大摆地走,肿胀vt.支撑,炫耀"
study,"n.学习,研究,学科,试作,论文,求学,努力,书房vt.学习,攻读,研究,考虑,计划vi.学习,试图"
sturt,n.骚乱vt.惊动vi.受惊扰
sty,"n.猪栏,猪圈vi.住在猪圈里vt.关入猪栏"
stylize,"vt.使风格化,模仿别人的风格vi.符合特定(或传统)程式"
sublimate,"vt.[化][心]使升华,使高尚vi.升华,纯化adj.纯净化的,高尚的,理想化的,气质高贵的n.升华物"
submerge,"v.浸没,淹没,掩没vi.潜水"
suboptimize,"vi.局部最优化(指使整体目标中的某个选定目标圆满实现,亦即实现最优化)"
subvene,"vi.<罕>前来救助,前来支援"
succeed,"vi.(～ in) 成功v.继...之后,继任,继承,取得成功"
succumb,"vi.屈服,屈从,死"
suckle,"vt.哺乳,养育,吮吸vi.吸奶"
suds,"n.肥皂水,泡沫,<美俚>啤酒vt.在肥皂水中洗vi.形成起泡肥皂水  不明原因瘁死综合症 SUDS(sudden unexplained death syndrome)"
sue,"vt.控告,向...请求,请愿vi.提出诉讼,提出请求"
suffer,"vt.遭受,经历,忍受vi.受痛苦,受损害"
suffice,"vi.足够,有能力vt.使满足"
suffocate,"vt.使窒息,噎住,闷熄vi.被闷死,窒息,受阻"
summer,"n.夏季vi.避暑,过夏天adj.夏季的,在夏季的"
summersault,n.&vi.=somersault [变体]
summerset,n.&vi.=somersault
summit,"n.顶点,最高阶层adj.政府首脑的vi.参加最高级会议的"
sup,"n.一口vt.吸,进晚餐,体验vi.吃晚饭,啜饮"
super,"n.不重要的角色,冗员vt.用冷纱布贴(书背)vi.充当跑龙套的角色adj.上等的,特大的,特级的,十分的,过分的,极好的adv.非常 /n.上标/下标"
superabound,"vi.过剩,有余"
superconduct,"vi.[物]显示超导(电)性,起超导(电) 体作用,无电阻导电"
superfetate,vi.[生理](卵)异期复孕
supersede,"vt.代替,取代,接替,紧接着...而到来,[律]延期vi.推迟行动"
supinate,"vt.转动手使掌心向上vi.仰转,旋转"
supple,"adj.柔软的,逢迎的,顺从的vt.使柔软,使顺从vi.变柔顺"
supply,"n.补给,供给,供应品vt.补给,供给,提供,补充,代理vi.替代他人职务"
suppose,"vt.推想,假设,猜想vi.料想 conj.假使...结果会怎样"
suppurate,"vi.[医]生脓,化脓,流脓vt.使化脓"
surf,"n.海浪,拍岸浪vi.作冲浪运动vt.在激浪上驾(船),在...冲浪"
surfboard,n.冲浪板vi.以冲浪板滑水
surfcast,"vi.激浪投钓,从岸上向激浪抛钓线钓鱼"
surfeit,"n.过食,过度,恶心vt.使饮食过度,使沉溺于vi.饮食过度"
surfride,"vi.冲浪,驾冲浪板"
surge,"n.巨涌,汹涌,澎湃vi.汹涌,澎湃,振荡,滑脱,放松vt.使汹涌奔腾,急放"
surrebut,vi.[律] 第三次辩驳被告
surrejoin,vi.[律]第二次辩驳被告
surrender,"vt.交出,放弃,使投降,听任vi.投降,自首n.交出,放弃,投降 投降算了"
survey,"n.测量,调查,俯瞰,概观,纵览,视察vt.调查(收入,民意等) 测量,勘定,审视,视察,俯瞰,通盘考虑vi.测量土地"
suspire,"vi.叹息,叹气"
susurrate,"vi.低语,沙沙响,喃喃低语"
swag,"n.摇晃,水潭,赃物,珍贵物,垂花饰vi.摇晃,垂下"
swagger,"n.狂妄自大者,大摇大摆,吹牛vi.昂首阔步,虚张声势吓人,大摇大摆,吹牛vt.吓唬,恫吓adj.漂亮的,时髦的"
swale,"n.沼泽地,洼地vt.放火烧vi.烧焦"
swallow,"n.[鸟]燕子,吞咽,喉vt.咽,淹没,吞没,取消,忍受,轻信,压制,耗尽vi.吞下,咽下"
swank,"adj.打扮漂亮的vi.出风头,炫耀n.出风头,炫耀,虚张声势,优雅"
swash,"vi.虚张声势,冲激,溅出vt.摇晃,冲洗n.泼水声,虚张声势,吓唬"
swashbuckle,vi.虚张声势vt.虚张声势地做
swear,"vi.诅咒v.宣誓,发誓"
sweetheart,"n.情人,爱人vi.爱慕vt.求爱adj.私下签定的"
swelter,"vi.闷热,被暑气所苦,汗流夹背vt.使闷热,使中暑n.闷热,过度紧张"
swill,"vt.涮,冲洗,痛饮,倒出vi.大口地喝,发激荡声n.涮,冲洗,痛饮,泔水"
swim,"n.游泳,漂浮,潮流,眼花adj.游泳时穿戴的vi.游泳,游,漂浮,旋转,覆盖,充溢,眩晕,浸vt.游过,使浮起adj.游泳时穿戴的"
swink,"n.辛劳,辛苦,苦工vi.劳动,做苦工vt.使劳累,使工作过度"
swirl,"n.漩涡,涡状形vt.使成漩涡vi.打漩,盘绕,头晕vi.<口>挥击,大口喝酒"
swish,"n.嗖嗖声vi.带着嗖嗖声挥动vt.使带着嗖嗖声地挥动adj.好看的,时髦的"
swither,"<英方>vi.踌躇,犹豫,困惑"
swizzle,"n.以甜酒为主的鸡尾酒的一种vi.<口>(过量地)饮酒,纵酒vt.纵酒,(用酒棒等)搅和"
swoon,"vi.昏晕,惊讶,酣睡n.狂喜,陶醉"
swoop,"n.突然下降,猛扑vt攫取vi.飞扑,突然袭击"
swoosh,"vi.哗哗响,作嗖嗖声vt.嗖地发射n.哗哗作响的移动,嗖的一声"
swot,"vi.用功读书vt.用功学习n.苦读的人,辛苦的工作"
symbiose,vi.[生]共生
symbolize,"vt.象征,用符号表现vi.作为...的象征,采用象征,使用符号"
sympathise,vi.<主英> =sympathize
sympathize,"vi.同情,共鸣,同感,同意,吊唁"
synapse,"n.[解]神经原的神经线连接,神经键vi.形成突触"
synergize,vi.起增效剂作用 vt.协同加强...的活动
tab,"n.制表,标号,TAB键,标签,制表符,小报,帐单,短小突出部vt.在...饰以小垂片,认出vi.<俚>行走"
tabernacle,"n.临时房屋,帐篷,身体,壁龛,礼拜堂,神龛vt.使住于临时房屋vi.给予住宿,暂居"
tabor,n.单面小鼓vi.敲小鼓
tabour,n.小鼓vi.敲单面小鼓
tabular,"adj.制成表的,扁平的,表格式的,平坦的vi.列表,排成表格式"
tace,<拉>vi.[用于祈使句]别作声 ;n.=tasse[变体]
tacet,<拉>vi.[音]休止[字面意义:it is silent]
tack,"n.大头钉,粗缝,行动方针,食物vt.以大头针钉住,附加vi.抢风航行,作文字形移动"
tackle,"n.工具,复滑车,滑车,用具,装备,扭倒vt.固定,应付(难事等),处理,解决,抓住vi.捉住,扭住,扭倒"
tact,"n.机智,手法,老练,角觉vt.对(刺激)操作性应答vi.(以言语或声音)操作性应答"
tag,"n.标签,鞋带、绳子等末端的金属物,垂下物,附属物,名称,标记符,陈词滥调,结束语vt.加标签于,紧随,添饰,起浑名,连接vi.紧随"
tail,"n.尾部,尾巴,尾状物,后部,踪迹,排的长队,限定继承权;adj.在后面的,限定继承的,尾部的,后面来的,后部的;vt.为...装尾,附于其后,尾随,跟踪,监视,使架住;vi.成为散乱的行列,跟踪,嵌入,船尾搁浅"
tally,"n.符木(古时用,上有刻痕记载交货、欠款等的数量),记账,得分,标记牌,标签,符合,对应物,计数器vt.点数,计算,记录,加标签于,使符合vi.符合,吻合,记分"
tambour,"n.鼓,圆绷,绷圈vt.在绷圈上绣vi.用绷圈绣"
tame,"adj.(指动物)驯服的、柔顺的,(指人)没精打彩的、顺从的,被开垦的,沉闷的,乏味的,平淡的vt.驯养,驯服,制服,使变得平淡vi.变得驯服"
tamper,"vi.干预,玩弄,贿赂,损害,削弱,篡改vt.篡改n.捣棒,夯,填塞者"
tank,"n.(盛液体,气体的大容器)桶、箱、罐、槽,池塘,坦克,战车,柜,储水池vt.储于槽中,击败vi.大量喝酒"
tap,"n.轻打,活栓,水龙头vt.轻打,轻敲,敲打出,开发,分接,使流出,选择,攻螺纹于vi.轻叩,轻拍,轻声走n.<美>(用复数)熄灯号"
tassel,"n.穗,缨vt.用缨装饰vi.抽穗"
tautologize,vi.重复使用同义字
taw,"n.硝制,鞣制vi.弹石弹"
tchick,n.催马快跑所发之声vi.发出催马快跑之声
tea,"n.茶,茶树,茶叶,茶点vt.给...沏茶vi.喝茶,进茶点"
tear,"n.破处,破缝,泪滴,眼泪,扯,飞奔,激怒vi.流泪,撕破,猛冲,飞奔,被撕破vt.扯,撕,撕破,戳破,拉掉,折磨,使分裂,撕掉"
technologize,"vt.使技术化,使工艺化vi.技术化,工艺化"
teen,"n.悲哀,不幸,愤怒vt.激怒,使烦恼vi.烦躁,伤心"
teethe,vi.长牙齿
tehee,int.嗤嗤笑n.嗤嗤笑vi.嗤嗤地笑
telecommute,vi.(在家里通过使用与工作单位连接的计算机终端)远距离工作
telepathize,"n.(心灵学用语)vi.传心,通灵,心灵感应 vt.使传心,使通灵,使心灵感应"
teleview,vt.用电视机收看vi.收看电视
tell,"vt.告诉,说,吩咐,断定,知道vi.讲述,泄密,告发,表明,作证n.<方>讲的事,传闻"
tempest,"n.暴风雨,骚乱,动乱vt.使狂怒,扰乱,使激动vi.起大风暴,小题大作"
tend,"vi.趋向,往往是vt.照管,护理"
tennis,"n.网球运动adj.网球的,用于网球运动的vi.打网球"
tenon,"n.[木工]榫,凸榫vt.接榫,造榫vi.开榫,榫接"
tepefy,vt.使微热vi.变微热
tergiversate,"vi.推托,背叛,自相矛盾"
theologize,vt.使成为神学vi.用神学来思辨
thimblerig,n.欺骗vi.欺骗
thin,"adj.薄的,细的,瘦的,稀少的,稀疏的,(液体、气体)稀薄的,淡的,空洞的vt.使变薄,使变细,使稀少,使淡vi.变薄,变细,稀少,变淡adv.薄地,稀疏地,微弱地n.细小部分"
thole,"n.[船]桨架,钉桨架的钉vt.<英方>忍受vi.<古>有耐心"
thrash,"vt.打(谷),(用棍、鞭等)痛打,打败,使逆行,胜过,使颠簸,推敲vi.打谷,击,颠簸,逆行n.打谷,逆风浪行进"
thresh,"vt.脱粒,反复的打击,翻滚,反复做,推敲vi.打谷,打,颠簸"
throb,"n.悸动,脉搏vi.悸动,抽动,颤动,跳动着作痛,充满活力"
thrum,"vt.指弹,敲打,加缨于vi.乱弹,轻敲n.织边,织余,线头,纱头"
thrust,"n.插,戳,刺,推力,猛推,口头攻击vt.力推,冲,插入,挤进,刺,戳,强加,延伸vi.插入,刺,戳,延伸,强行推进"
thud,"n.砰击声,重击vi.砰的一声掉下,轰的一声vt.砰地击中"
thumb,"n.拇指vt.以拇指拨弄,笨拙处理,弄坏,翻阅,作搭车手势vi.用拇指翻书页"
thunder,"n.雷,雷声,轰隆声vi.打雷,雷鸣"
tickle,"n.搔,胳肢,发痒vt.胳肢,逗笑,使高兴,使发痒vi.觉得痒,使人痒"
tictoc,n.&vi.=ticktock
tidy,"n.椅子的背罩,装杂碎的容器adj.整齐的,整洁的,精简的vt.弄整齐,收拾,整理vi.整理,收拾adj.<口>可观的、相当大的"
tie,"n.带子,线,鞋带,不分胜负,关系,领带,领结,平局vt.系,打结,扎,约束,与...成平局vi.被用带(或绳子等)系住,结合,打结,不分胜负"
tier,"n.列,行,排,层,等级vt.使造成递升排列,使层叠vi.成递升徘列"
tiff,"n.一口淡酒,小争吵,小口角,酒vi.小争吵,生气vt.饮"
tig,"vi.<主苏格兰>(戏耍地)轻拍,轻碰 vt.(儿童捉人游戏中)拍着,追到"
time,"n.时间,时侯,时机,节拍,期限,次数,时期,比赛限时vt.安排...的时间,记录...的时间,计时,定时vi.打拍子,(...)合拍adj.时间的,记时的,定时的,定期的,分期的 /n.时间/日期"
tine,"n.尖头,尖,齿,叉vt.<英方>丢失,丧失,浪费vi.被丢失,消失"
tingle,"vi.造成麻刺的感觉,兴奋,丁丁作响vt.使感刺痛n.丁当声,麻刺感"
tink,"vi.&n.(发)丁当声,(发)丁零声"
tinker,"vi.做焊锅匠,笨拙的修补vt.修补n.修补匠,焊锅"
tinkle,"vt.使发清脆的声响,丁当地发出vi.丁当作响"
tip,"n.顶,尖端,梢,倾斜,轻击,末端,小费,秘密消息vt.在...顶端装附加物,使倾斜,使翻倒,暗示,轻击,给,泄露,给小费vi.倾斜,翻倒,倾覆,踮脚走,给小费n.提示,技巧"
tipple,"n.致醉的饮料,烈酒vt.不断喝vi.饮烈酒"
tippytoe,"n.,vi.,a &adv.<口> =tiptoe"
tiptoe,"n.脚尖,趾尖vi.用脚尖走"
tire,"n.<口>疲劳,劳累,轮胎,头饰vt.使疲倦,使厌烦,梳理vi.疲劳,厌倦"
tithe,"n.[史](宗教捐税)什一税,什一的教区税,小部分vt.课什一税vi.缴什一税"
titter,"n.嗤笑,偷笑,窃笑,傻笑vi.吃吃地笑,偷笑"
tittup,"n.活泼的举止vi.雀跃,,跳着走路"
titubate,vi.蹒跚
tivy,"vi.(骑在马上的猎人等)向前冲,向前奔"
toast,"n.烤面包(片),吐司面包,干杯vt.敬酒,烤(面包等),使暖和vi.烤暖,烤火,烘"
toddle,"vi.东倒西歪地走,蹒跚学步,散步vt.蹒跚(或信步)走路n.东倒西歪的走路,刚学走步的小孩"
toe,"n.趾,脚趾,足尖vt.以趾踏触,用脚尖走vi.动脚尖 [军] Tables of Organization and Equipment,编制及装备表"
tog,"n.衣服vt.给穿上vi.<口>穿衣,打扮"
toil,"n.辛苦,苦工,网,罗网,圈套vi.苦干,跋涉,费力地做"
toll,"n.通行税(费),费,代价,钟声vt.征收,敲钟,鸣(钟)(特指宣布死亡),勾引,引诱vi.征税,鸣钟"
tone,"n.音调,音质,语调,色调,状况,品质,语气,气氛vt.调和,增强,以特殊腔调说,配合,定音调vi.颜色调和"
tongue,"n.舌头,舌状物,语言,说话方式,口语vt.舔,闲谈,斥责vi.吹管乐器"
tonk,"vi.强打,轻易获胜"
tool,"n.工具,用具,爪牙,走狗,手段vt.用工具加工,使用设备vi.使用工具"
toot,"n.嘟嘟声,痛饮,纵乐vi.吹喇叭vt.吹奏出"
tootle,"n.轻吹,唠叨vi.轻吹,胡说八道vt.嘟嘟地发出"
top,"n.顶部,顶端,极点,顶蓬,陀螺,(常用复数)根菜植物的叶子,上部,盖子adj.最高的,顶上的,头等的vt.盖,戴,高耸,达到顶端,截去(植物)顶端,高过,超越vi.结束,完成,胜过"
torch,"n.火把,启发之物vi.像火炬一样燃烧vt.用火炬点燃"
tot,"n.小孩,微量,合计vi.总计,加算vt.加起来,合计"
totter,"vi.蹒跚,踉跄,动摇,摇摇欲坠n.蹒跚的步子"
touch,"n.触,触觉,接触,联系,轻触,碰,缺点,格调vt.接触,触摸,触及,达到,涉及,点缀,使接触,感动vi.触摸,接近,涉及,提到"
tourney,n.马上比武vi.参加马上比武
tow,"n.拖,拖曳所用之绳,麻的粗纤维vt.拖,曳,牵引vi.拖行,被拖带"
trace,"n.痕迹,踪迹,微量,迹线,缰绳vt.描绘,映描,画轮廓,追踪,回溯,探索vi.上溯,沿路走"
track,"n.轨迹,车辙,跟踪,航迹,足迹,路,磁轨,途径;vt.循路而行,追踪,通过,用纤拉;vi.追踪,留下足迹,走"
trade,"n.贸易,商业,交易,生意,职业,行业,[气]信风,顾客vi.交易,买卖,经商,对换,购物vt.用...进行交换"
traffic,"n.交通,通行,运输,贸易,交通量,交易,交往,通信量vi.交易,买卖vt.在...通行,用...作交换"
trailer,"n.追踪者,拖车vi.乘拖车式活动房屋旅行vt.用拖车载运"
train,"n.火车,列车,行列,后果,顺序,长队,长袍(裙)拖地的部分,导火线vt.训练,培养,瞄准,(园艺)整枝vi.锻炼"
traipse,"vi.漫步,拖曳vt.在...游荡,走过n.闲逛,长途跋涉"
transaminate,"[生化]vi.诱导转氨,促转氨;vt.诱导...转氨,促...转氨"
transcode,vt.转换...的代码vi.把一种代码转换成另一种代码
transfer,"n.迁移,移动,传递,转移,调任,转帐,过户,转让vt.转移,调转,调任,传递,转让,改变vi.转移,转学,换车"
transform,"vt.转换,改变,改造,使...变形vi.改变,转化,变换n.[数]变换(式),[语]转换"
transgress,"vt.违反,犯罪,侵犯vi.越界,违法"
transit,"n.经过,通行,搬运,运输,运输线,转变vt.横越,通过,经过vi.通过n.[天] 中天,经纬仪"
translate,"vt.翻译,解释,转化,转变为,调动vi.翻译,能被译出"
transmigrate,"vi.[宗]轮回,移居"
transmit,"vt.传输,转送,传达,传导,发射,遗传,传播vi.发射信号,发报"
transpire,"vt.发生,得知,使蒸发,使排出vi.蒸发,发散,泄露"
transpose,"vt.调换,颠倒顺序,移项vi.进行变换n.[数]转置(矩)阵"
transship,vt.转载他船或列车vi.换船
trap,"n.圈套,陷阱,诡计,活板门,存水弯,汽水闸,(双轮)轻便马车vi.设圈套,设陷阱vt.诱捕,诱骗,计捉,设陷,坑害,使受限制"
travel,"v.旅行,传播vi.行进,传播n.旅行"
traverse,"n.横贯,横断,横木,障碍,否认,反驳,(建筑)通廊vt.横过,穿过,经过,在...来回移动,反对,详细研究vi.横越,横断,旋转,来回移动adj.横断的,横的"
tread,"n.踏,步态,梯级,踏板,轮胎面,交尾,鞋底vi.踏,行走,踩碎,践踏,交尾vt.踩,踏,践踏,跳"
treadle,"n.踏木,踏板vi.踏动踏板,开动vt.踩踏板操作(机器等)"
treat,"n.宴请,款待,请客vt.视为,对待,论述,治疗,款待vi.交涉,谈判,协商,款待,作东"
treck,vi.&n.=trek
tree,"n.树,木料,树状物vt.赶上树n.[计] 显示驱动器的子目录结构vi.爬上树,逃上树"
trek,"vi.牛拉车,艰苦跋涉vt.(牛)拉(货车),搬,运n.牛拉车旅行,艰苦跋涉"
tremble,"n.战栗,颤抖vi.战栗,发抖,震动,(树叶等)摇晃.摇动,焦虑vt.挥动,用颤抖的声音说出"
tremor,"n.震动,颤动vi.震颤,战栗"
trend,"n.倾向,趋势vi.伸向,倾向,通向"
trill,"n.颤声,抖音,啭声vt.用抖动的声音说,用卷舌发音vi.发出抖动的声音"
trinket,"n.小装饰品,琐物,无关紧要的小事vi.密谋"
trip,"n.(短途)旅行,绊倒,摔倒,失足,往返,差错,支吾,旅程vt.使跌倒,使犯错,使失败,挑剔vi.轻快地走,摔倒,绊倒,失足,结巴,远足,犯错,旅行"
triple,"n.三倍数,三个一组adj.三倍的vt.三倍与vi.增至三倍"
troat,vi.叫春n.叫春声
troll,"vi.旋转,合唱中的轮唱,钓鱼vt.使旋转,轮唱,放声高唱,钓n.旋转,轮唱,钓鱼"
trolley,"n.电车,(电车)滚轮,手推车,手摇车,台车vt.用手推车运vi.乘电车"
troop,"n.群,组,多数,军队vi.群集,结队,成群而行vt.把(骑兵)编成骑兵连"
truck,"n.卡车,敞棚货车,(车站)搬行李用的手推车,交易,交换,废话,废物,实物工资vt.交易,交往,以卡车运输vi.驾驶卡车,以物易物adj.<主美>运货汽车的"
truckle,"n.小轮,脚轮vi.靠小脚轮移动,屈从,讨好vt.用小脚轮使移动"
trump,"n.王牌,法宝,最后大的手段,喇叭vt.打出王牌赢,胜过vi.出王牌,吹喇叭n.<口>好人"
tuck,"n.缝摺,活力,鼓声,船尾突出部下方,食物(尤指点心、蛋糕)vt.打摺,卷起,挤进,塞,使隐藏vi.折成摺子,缩拢"
tuft,"n.一丛,丛生植物,一蔟vi.丛生vt.用丛毛修饰"
tumble,"n.跌倒,摔跤,翻斤斗vi.翻倒,摔倒,倒塌,滚动,翻筋斗,仓惶地行动vt.使摔倒,使滚翻,弄乱"
tumultuate,"vi.引起骚乱,引起骚动vt.使骚乱,使骚动"
tush,"int.呸!n.长牙,獠牙vi.发出呸声"
tussle,"n.格斗,斗争,争斗vi.扭打,打斗,格斗"
tut,int.嘘(表示焦虑、责难的发声)n.上述声音vi.发出嘘声
twaddle,"n.废话,闲聊vi.讲废话vt.胡说八道地讲"
twang,"n.弦声,砰的一声,鼻音,意味vi.砰然一声响,拨弦声,带鼻音vt.用鼻音讲,使发拨弦声"
tweedle,"n.琴声,鸟鸣声vi.鸣叫vt.以音乐诱惑"
tweet,"vi.鸣叫n.小鸟啼叫,自录音再现装置发出的高音"
twiddle,"vt.捻起来,抚弄,玩弄,旋弄vi.玩弄n.捻"
twin,"n.双胞胎中一人,孪生子adj.双胞胎的,一对的,相似的vi.生双胞胎,成对vt.孪生,使成对"
twirl,"vt.(使)快速转动,捻弄vi.转动,旋转n.转动,万能钥匙,旋转的东西"
twist,"n.一扭,扭曲,盘旋,曲折,歪曲,手法,螺旋状vt.拧,扭曲,绞,搓,捻,使苦恼,使转动,编织vi.扭弯,扭曲,缠绕,扭动,呈螺旋形"
twitter,"n.鸟鸣声,喋喋不休,慌张vi.啭,鸟鸣,摆动vt.嘁嘁喳喳地讲,抖动"
typewrite,vi.打字vt.用打字机打
tyrannize,"vi.施行暴政,实施集权统治,横行霸道"
ululate,"vi.嚎,呜呜地叫,啼,哀鸣,悲泣"
ump,n.裁判员vi.当裁判
unarm,vt.缴械vi.放下武器
unbe,"vi.<古>不复是,不存在 vt.<废>使不复是"
unbonnet,vi.脱帽vt.除去...的帽子
unboot,vt.替...脱下长统靴 vi.脱长统靴
unbuckle,vt.解开vi.解开扣子
unbundle,vt.对(不同产品、劳务)作分类交易 vi.(将一揽子交易中各部分)分类定价
unbutton,vt.解开...的钮扣vi.解开钮扣
uncloak,"vt.除去...覆盖物,揭露vi.脱去外套"
uncoil,"vt.解,解开vi.展开,解开"
uncongeal,"vi.融化,融解 解冻"
underbid,"vt.出较低的价钱vi.叫价过低,叫牌过低"
underclub,vi.{高尔夫}使用达不到射距要求的球棒
undercut,"n.底切,牛腰部下侧嫩肉,砍口,削球vt.廉价出售,底切,雕出,从下边削球vi.底切"
underdo,"vt.使煮得嫩,使做得不够,不尽全力做vi.不尽全力做"
underdress,"vi.穿得太单薄,穿着过分朴素的衣服n.内衣,裙子,内裙"
underexercise,vi.训练(或锻炼、练习)太少
underlay,"vt.铺在...下面,垫起vi.向下延伸n.衬垫物"
underperform,"vi.表现不佳,工作不如预期(或同行)vt.(股票等)运作差于(一般市场价格)"
underplay,"vt.使没有充分发挥作用,扣着大牌不出而出小牌,表演有克制,对...轻描淡写,表演不充分vi.表演角色不充分n.秘密行动,不充分的表演"
underproduce,"vt.使生产不足,使减产,使生产供不应求vi.生产不足,减产,生产供不应求"
underreact,"vi.反应不够有力,未作出应有的反应"
underruff,vi.=undertrump
undersleep,vi.睡眠不足
undertax,vi.课税太低
undertrump,"vi.[牌]将牌低吃,王牌低吃"
underwrite,"vt.签在...下,给...保险,签名,承诺支付vi.经营保险业"
undock,vt.使出坞vi.驶离码头
undress,"vt.使脱衣服,暴露,使卸去装饰vi.脱衣服n.便服,晨衣"
unfold,"vt.打开,显露,开展,阐明vi.伸展,开花,呈现vt.放(羊)出栏"
unformat,vi.恢复格式化 [计] 恢复被意外格式化的磁盘
unfurl,"vt.展开,展示,公开,使旗招展vi.打开,展开,显露"
unhappen,"vi.不发生,未发生 vt.使不发生,使未发生"
unhat,vt.脱下...的帽子vi.脱帽致敬
unkennel,"vt.从洞穴逐出,揭露vi.出洞"
unkink,"vt.除去...的纠结,使变直vi.松开,放松"
unlade,vt.卸下vi.卸货
unlatch,vt.拔掉门栓vi.未栓上
unlimber,"vt.把...从牵引车上拉下来,准备使用,准备行动vi.做准备工作"
unload,"vi.卸货,退子弹vt.摆脱...之负担,倾销,卸"
unlock,"vt.开...锁,开启,显露,放开vi.开着,解开,解出锁定"
unmask,"vi.脱去假面具vt.撕下...的假面具,揭露,暴露"
unpile,"vt.把...从一堆中拿掉,把(堆)拆掉 vi.从一堆中离开"
unroost,"vt.把...从栖息处赶出,把...驱逐出vi.离开栖息处"
unrope,"vt.把捆绑...的绳解掉,解绳放开vi.解开绳索,挣脱绳索"
unround,vi.不以嘴唇呈圆形而发音
unshift,vi.松开打字机或键盘的字型变换键
unship,"vt.从船上卸,解下vi.被卸下"
untense,vt.使放松 使不紧张 vi.放松
unthink,vi.改变想法vt.不想
untie,"vt.解开,解放,解决vi.松开,解开"
unveil,"vt.使公诸于众,揭开,揭幕,除去...的面纱vi.显露,除去面纱"
unweight,vt.移去(或减少)...的重量vi.减重
unyoke,"vt.卸除轭,解除束缚,解开vi.停止工作"
unzip,vi.拉开拉链vt.拉开
upblaze,vi.燃烧起来
upflow,vi.向上流
uprear,vt.养育vi.升起
upset,"vt.颠覆,推翻,扰乱,使不适,使心烦vi.翻倒,倾覆n.翻倒,混乱"
upsoar,"vi.高飞,翱翔 增长,上升"
upsweep,"n.向上弯曲,拢上去的头发,活泼化vi.向上曲,向上斜"
upswell,"vi.肿起 隆起,凸起 鼓起 上涨"
upswing,"n.高涨,向上摆动,改进vi.向上摆动,提高"
uptilt,"vi.向上,向上倾斜"
upwell,vi.(水等)上涌
urinate,"vi.小便,撒尿"
ush,vi.<俚>作招待员
usher,"n.引座员,招待员,传达员,前驱vt.引导,展示vi.作招待员"
vagabond,"adj.流浪的,漂泊的,浪荡的,流浪者的n.流浪者,游民,浪子,流氓,懒汉vi.到处流浪"
vail,"n小费;vt.放下,脱下,有利于vi.降低,脱帽,有利,有助"
vamp,"n.鞋面,荡妇vt.修补,拼凑,捏造,勾引vi.[音]即席伴奏,勾引"
vanish,"vi.消失,突然不见,[数]成为零n.[语]弱化音"
vapor,"n.水汽,水蒸气,无实质之物vi.蒸发,自夸vt.使蒸发n.自夸者"
vary,"vt.改变,变更,使多样化vi.变化,不同,违反"
veer,"vi.转向,(风向)顺(时针)转vt.使转向,放出(锚)n.转向,方向的转变"
veil,"n.面纱,面罩,帐,幕,掩饰物,遮蔽物,口实,假托vt.戴面纱,隐藏,遮蔽,掩饰vi.蒙上面纱"
venenate,vt.使中毒vi.放出毒液
verminate,vi.孳生害虫 孳生寄生虫
versify,"vi.作诗vt.用诗表达,把(散文等)改写为诗"
vest,"n.汗衫,背心,内衣vt.使穿衣服,授予vi.穿衣服,归属"
victual,"n.食物vt.给...供应储备食物vi.吃,贮藏"
visit,"n.拜访,访问,游览,参观,(作客)逗留,视察,调查vt.拜访,访问,参观,视察,降临vi.访问,参观,闲谈"
visualize,"vt.形象,形象化,想象vi.显现"
vivisect,vi.活体解剖vt.解剖
voicespond,vi.口声通信(with)
volley,"n.(箭,子弹,枪,炮等)群射,齐发,(质问,咒骂等的)迸发,(网球vt.群射,齐发,截击vi.进行群射,齐鸣"
volti,vi.[音]翻页
vomit,"n.呕吐,呕吐物,催吐剂vi.呕吐,大量喷出vt.吐出,呕吐"
vote,"n.投票,选举,选票,选举权,表决,得票数vi.投票,选举vt.投票选举,投票决定,公认,<口>建议,使投票"
vouch,"vt.担保,推荐,证明,断定,传出庭作证vi.保证,担保,证明,确定"
voyage,"n.航程,航空,航海记,旅行记vi.航海,航行vt.渡过,飞过"
vum,vi.发誓
wade,"vi.跋涉vt.涉水,费力行走n.跋涉,可涉水而过的地方"
waffle,"vi.闲聊,胡扯n.华夫饼干,无聊话,动听而无意义的话"
wag,"vt.摇摆,摇动,饶舌vi.爱说笑打趣的人,摆动,喋喋不休n.摇摆,小丑"
wager,"n.赌,赌博,赌注vt.下赌注,保证vi.打赌"
wail,"n.悲叹,哀号,痛快vi.悲叹,哀号,嚎啕vt.悲痛(某人的悲惨遭遇)"
wake,"vt.叫醒,激发vi.醒来,醒着,警觉,振奋n.醒,守夜,尾迹,(人,车等经过的)痕迹,守丧"
waken,vi.醒来vt.唤醒
wale,"n.条痕,选择vt.使有鞭条痕,挑选vi.挑选"
walk,"vi.步,行,走n.步行,散步,步,行道"
wallop,"vi.乱窜,猛冲,(车等)颠簸,沸腾作用vt.猛击,击溃n.重击,冲击力,乐趣"
wallow,"vi.打滚,<喻>沉迷,颠簸n.打滚,泥坑,堕落"
waltz,"n.华尔兹舞,华尔兹舞曲adj.华尔兹舞的,华尔兹舞曲的vi.跳华尔兹舞,前进,旋转vt.迫使前进,与...跳华尔兹舞"
wander,"vi.漫步,徘徊,迷路,迷失方向,离题"
wane,"vi.变小,亏缺,衰落,退潮,消逝,呈下弦n.月亏,月亏期,衰退,衰退期"
wanton,"adj.荒唐的,嬉戏的,繁茂的,肆意的,不道德的,不贞洁的n.荡妇,水性杨花的女人vi.嬉戏,闲荡,放肆vt.挥霍"
war,"n.战争vi.作战,打仗"
warm,"adj.暖和的,暖的,温暖的,色情的,激烈的,热烈的,多情的,兴奋的adv.(常用以构成复合词)暖和地vt.使温暖,弄热,使兴奋,使热烈vi.变暖和,变温暖,激动,同情,爱好n.暖,保暖物"
warn,"vt.警告,注意,通知vi.发出警告,发出预告"
warp,"n.弯曲,歪曲,乖僻,偏差,乖戾,偏见vt.弄歪,使翘曲,使不正常,歪曲,使有偏见vi.变弯,变歪,变的反常"
wash,"n.洗,洗涤,冲洗,洗涤剂,洼地,洗的衣服,冲积物vt.洗,洗涤,洗清,粉刷,冲出,弄湿,流过,镀金于vi.洗涤,洗澡,被冲蚀,漂浮adj.耐洗的,(证券交易)虚假的"
wassail,"vi.痛饮vt.为...干杯n.祝酒时用的酒,酒宴"
waste,"n.废物,浪费,损耗,消耗,地面风化物,垃圾,荒地adj.废弃的,荒芜的,多余的vt.浪费,消耗,使荒芜vi.被浪费,挥霍钱财,变消瘦,被损耗"
watch,"n.注视,注意,手表,看守,守护,监视,值班人vt.看,注视,照顾,监视,警戒,守护,看守vi.观看,注视,守侯adj.手表的,挂表的"
water,"n.水,雨水,海水,水位,水面,流体vt.喷淋,供以水,注入水,使湿vi.流泪,加水adj.水的,水上的,水生的,含水的"
waterflood,vt.给(油田或油井)注水 vi.注水
waul,vi.哇哇叫
wave,"n.波,波浪,(挥手)示意,致意vi.(挥手)示意,致意,波动,飘动,摇动"
waver,"n.动摇,开始退让,踌躇,挥动者vi.摇摆,颤抖,摆动,摇曳,犹豫"
wax,"n.蜡,蜡状物,增加,月亮由亏转盈vi.变大,增大,月亮渐满vt.上蜡于"
wayfare,vi.旅行(尤指步行)
weasel,"n.[动]鼬鼠,黄鼠狼,狡猾的人,告密者,含糊话vi.狡辩,躲避,告密,含糊其词vt.抽掉(词语)的含义"
weather,"n.天气,气候,气象,处境adj.迎风的,露天的vt.使受风吹雨打,侵蚀,使风化,经受住vi.风化,受侵蚀,经受风雨"
weave,"n.编法,织法,编织vt.编织,组合,编排,使迂回前进vi.纺织,迂回行进,摇晃n.织法,织物"
web,"n.环球网,网,蛛丝,蹼,翼手,织物,圈套,卷筒纸;vi.使陷入罗网,形成网;vt.织蜘蛛网于,使落入圈套"
wedel,vi.(滑雪中)作双板平行摆动转弯滑
weekend,"n.周末,周末休假adj.周末的vi.度周末的"
ween,"vt.料想,以为vi.想,认为"
weep,"n.哭,哭泣,滴下vi.哭泣,流泪,哀悼,滴落vt.哭着使...,悲叹,滴下"
weewee,n.撒尿vi.撒尿
weigh,"vt.称...重量,称vi.重(若干)"
well,"n.井vi.涌出adj.健康的,良好的,适当的adv.好,满意地,充分地,彻底地,有理地,适当地,夸奖地int.唔,咳"
welsh,"vi.不付赌金而溜掉,逃避履行义务,食言vt.逃避(责任等),对(某人)食言adj.威尔士的n.威尔士人"
welter,"vi.翻滚,滚动,挣扎,浸湿,沉溺,颠簸n.翻滚,汹涌,混乱,起伏,重骑师"
wench,vi.通奸
wend,"vi.行,走vt.往,回(家),行,走"
whack,"vt.重打,击败vi.重击"
wharf,"n.码头vt.卸上码头,靠在码头vi.靠码头"
wheedle,"vt.诱骗,哄骗,骗得vi.哄骗"
wheeze,"vi.喘息,很困难地呼吸"
whid,<苏格兰>vi.敏捷地移动;轻捷地走
whiff,"n.一吹,一吸,一阵香气,一点点,香烟的一口vi.轻轻地吹,喷气,[棒]被三击出局,垂钓vt.吹送,喷出,吸,[棒]使被三击出局"
whimper,"vi.呜咽,哀诉"
whine,"n.抱怨,牢骚,哀鸣vi.报怨声,哭诉,发牢骚,发呜呜声vt.哀诉"
whinny,"adj.马嘶声vi.嘶,叫vt.以嘶声表示"
whiplash,"n.鞭子的皮条,鞭绳vt.鞭打,反方向猛扭vi.(鞭抽似的)猛动"
whipsaw,"n.狭边钩齿粗木锯,双重不利的事物vt.用粗木锯锯,使受双重损失vi.利用一方打击另一方"
whir,n.呼呼声vi.急速旋转vt.使呼呼响
whirry,"<苏格兰>vt.使匆忙,匆匆运送 ;vi.匆忙,快速行进"
whish,vi.呼呼作声vt.以呼呼声催促n.呼呼声
whisk,"n.扫帚,毛掸子,搅拌器,打蛋器,拂vt.扫,拂,挥动,迅速移动,搅拌vi.飞奔"
whisper,"n.耳语,私语,密谈,谣传,飒飒的声音vi.耳语,密谈,飒飒地响vt.低声说"
whiten,"vt.使白,变白,刷白,漂白vi.变白"
whomp,n.撞击的声音vi.发撞击声vt.重击
whoop,"n.大叫,喘息声,哮喘声,小块vi.叫喊,喘息vt.高声说,唤起"
whore,n.娼妓vi.卖淫
whorl,"n.[植]轮生体,螺纹,螺旋环,涡vt.使成涡漩vi.盘旋,打转"
whump,"n.,vi.&vt.=whomp [拟声]"
widdle,"n.&vi.<口>撒尿,小便"
wildcat,"n.野猫,莽撞的人adj.鲁莽的,不可靠的vt.盲目钻探vi.盲目开掘油井,从事非法商业活动"
wimple,"vt.用头巾遮,使折叠n.妇女头巾vi.起涟漪,泛细浪,<古>起皱摺"
windmill,"n.风车,风车房,旋转玩具vt.使旋转vi.作风车般旋转"
windsurf,vi.风帆冲浪
wing,"n.翅,翅膀,翼,飞翔,机翼,派别vt.装以翼,飞过,使飞,空运,增加...速度vi.飞,飞行"
wink,"n.眨眼,使眼色,瞬间,(星光等的)闪烁vi.眨眼,使眼色,闪烁,打信号,假装不见,终止,熄灭vt.眨(眼)"
winkle,"n.食用螺vt.挑出,剔出vi.闪耀"
winnow,"vt.簸,扬(谷),吹开糠皮,吹掉,精选vi.扬谷,分出好坏,飞行n.扬谷,扬谷器"
winter,"n.冬,冬季,萧条期,衰退期adj.冬天的vt.对...进行冬天保护vi.过冬"
wire,"n.金属丝,电线,电报,电信,铁丝网vt.用金属丝卷起,拍电报vi.打电报adj.金属丝制的"
wise,"adj.英明的,明智的,慎虑的,聪明的,博学的,明白的,贤明的,狡猾的vi.知道vt.告诉,劝导n.方法,方式"
wisecrack,n.俏皮话vi.说俏皮话vt.俏皮地说
withdraw,"vt.收回,撤消vi.缩回,退出v.撤退"
wither,"vt.使凋谢,使消亡,使畏缩vi.枯萎,衰退,感到羞愧"
withhold,"vt.使停止,拒给,保留,抑制vi.忍住"
witness,"n.[律]证人,目击者,证据,证明,证词vt.目击,为...作证,证明,表明vi.作证,成为证据"
witticize,"vi.说妙语 说俏皮话,说诙谐话"
wive,"vi.娶妻vt.嫁,娶,与...结婚"
wobble,"n.摇晃,[生化]摆动,动摇,不稳定,变度vi.摇晃,摇摆,游移不定,抖动vt.使摇摆,使颤动"
wolf,"n.狼,残忍贪婪之人,极度的穷困vt.狼吞虎咽,大吃vi.猎狼"
wonder,"n.奇迹,惊奇,惊愕vt.对...感到惊讶,惊奇,想知道vi.惊讶,怀疑adj.非凡的,奇妙的"
wont,"n.习惯,惯常活动adj.惯于,常常vi.习惯vt.使习惯于"
woolgather,"vi.心不在焉,胡思乱想"
worm,"n.虫,蠕虫,蚯蚓,蜗杆,螺纹,小人物;vi.蠕行,慢慢前进;vt.使蠕行,慢慢地走,给(烟草作物)除虫"
worry,"n.烦恼,忧虑,苦恼,撕咬vt.使烦恼,使焦虑,使苦恼,撕咬,困扰,折磨vi.烦恼,担心,撕咬,挣扎着前进"
worship,"n.崇拜,礼拜,尊敬vi.敬神,拜神vt.崇拜,尊敬"
wow,"n.叫声,<美俚>哄动一时的人物vi.发出叫声vt.使叫绝"
wrangle,"vi.争论,争吵,口角vt.辩驳,放牧n.口角,吵嘴"
wrap,"n.外套,围巾,包裹,秘密,约束,限制vt.包装,卷,缠绕,包,覆盖,裹,遮蔽,隐藏vi.缠绕,重叠,穿外衣,包起来"
wrastle,"vi.,vt.&n.<方>=wrestle"
wrench,"n.扳钳,扳手,猛扭,痛苦,扭伤,歪曲vt.猛扭,使扭伤,曲解,抢,折磨vi.猛扭,绞痛"
wrestle,"n.摔跤,角力,扭斗vi.摔跤,格斗,斗争,斟酌vt.与(对手)摔跤,使劲搬动"
write,"vt.书写,著述,写,写满,写信给vi.写,写字,写信,写作,作曲"
yacht,"n.游艇,快艇,轻舟vi.驾游艇,乘游艇"
yacket,vi.=yack
yammer,"vi.叹息,哭泣vt.抱怨n.哭诉,无聊话,气愤的抱怨"
yap,"vi.狂吠,吵嚷n.狂吠声,废话,无赖"
yawp,"vi.大声叫嚷,<口> 高声打哈欠n.叫喊声,喧闹,噪声,蠢话"
yearn,"vi.渴望,想念,怀念,向往"
yell,"vi.大叫,忍不住笑,呼喊vt.叫着说n.叫声,喊声"
yen,"n.日圆(日本的币制单位),<美口> 瘾vi.渴望"
yewk,n.&vi.=yeak
yicker,vi.=yikker
yield,"v.出产,生长,生产vi.(～ to)屈服,屈从n.产量,收益"
yike,"n.&vi.<澳口>争论,争吵,打架"
yikker,"vi.(鸟或其他动物)叽叽喳喳,发出重复短促的尖叫声"
yip,"n.犬吠,叫喊声vi.犬吠,叫喊"
yirr,"vi.<英方><苏格兰>狂吠,咆哮,怒吼"
yowl,"n.号叫,吼声vi.号叫,吼,恸哭"
yump,vi.&n.<俚>(赛车或赛车运动员在最大速度时)跃起
zing,"n.子弹声,活力,精力,生命力vi.发尖啸声vt.对...挑剔"
zone,"n.地域,地带,地区,环带,圈vt.环绕,使分成地带vi.分成区"
zoom,"n.急速上升,陡直上升,图象电子放大,缩放,嗡嗡声vi.突然扩大,急速上升,摄象机移动vt.使摄象机移动"
